quantile,threshold,macro_avg_recall,weighted_avg_recall,avg_recall,classification_report_dict
0.5,15135.0556640625,0.563503069884429,0.5431290163124073,0.5533160430984181,"{'Normal': {'precision': 0.826340830449827, 'recall': 0.5275334306339, 'f1-score': 0.6439629228361623, 'support': 50702.0}, 'Anomaly': {'precision': 0.25991720217498765, 'recall': 0.599472709134958, 'f1-score': 0.3626136804448084, 'support': 14034.0}, 'accuracy': 0.5431290163124073, 'macro avg': {'precision': 0.5431290163124073, 'recall': 0.563503069884429, 'f1-score': 0.5032883016404853, 'support': 64736.0}, 'weighted avg': {'precision': 0.703546879646424, 'recall': 0.5431290163124073, 'f1-score': 0.5829697309843294, 'support': 64736.0}}"
0.501,15135.185258789063,0.5618696049857043,0.542588358872961,0.5522289819293327,"{'Normal': {'precision': 0.8251472265902013, 'recall': 0.5278292769515995, 'f1-score': 0.6438202922956637, 'support': 50702.0}, 'Anomaly': {'precision': 0.25889236293842677, 'recall': 0.595909933019809, 'f1-score': 0.360964240239981, 'support': 14034.0}, 'accuracy': 0.542588358872961, 'macro avg': {'precision': 0.5420197947643141, 'recall': 0.5618696049857043, 'f1-score': 0.5023922662678224, 'support': 64736.0}, 'weighted avg': {'precision': 0.7023898619632704, 'recall': 0.542588358872961, 'f1-score': 0.5825004419102607, 'support': 64736.0}}"
0.502,15135.328125,0.5605545652225032,0.5422639644092931,0.5514092648158981,"{'Normal': {'precision': 0.8241737953104806, 'recall': 0.5282631848842255, 'f1-score': 0.6438461538461538, 'support': 50702.0}, 'Anomaly': {'precision': 0.25808052608722626, 'recall': 0.592845945560781, 'f1-score': 0.359612724757953, 'support': 14034.0}, 'accuracy': 0.5422639644092931, 'macro avg': {'precision': 0.5411271606988535, 'recall': 0.5605545652225032, 'f1-score': 0.5017294393020534, 'support': 64736.0}, 'weighted avg': {'precision': 0.7014514624465541, 'recall': 0.5422639644092931, 'f1-score': 0.5822277043926224, 'support': 64736.0}}"
0.503,15135.459672851563,0.5595025997458276,0.5421094908551656,0.5508060453004966,"{'Normal': {'precision': 0.8233830845771144, 'recall': 0.5287957082560846, 'f1-score': 0.643999807840123, 'support': 50702.0}, 'Anomaly': {'precision': 0.2574438988002735, 'recall': 0.5902094912355708, 'f1-score': 0.35850934903047094, 'support': 14034.0}, 'accuracy': 0.5421094908551656, 'macro avg': {'precision': 0.540413491688694, 'recall': 0.5595025997458276, 'f1-score': 0.501254578435297, 'support': 64736.0}, 'weighted avg': {'precision': 0.7006941551840072, 'recall': 0.5421094908551656, 'f1-score': 0.5821088491937028, 'support': 64736.0}}"
0.504,15135.6168359375,0.5582330492877015,0.5418159911023233,0.5500245201950124,"{'Normal': {'precision': 0.822447666043461, 'recall': 0.5292493392765572, 'f1-score': 0.6440494905735098, 'support': 50702.0}, 'Anomaly': {'precision': 0.25665701205269553, 'recall': 0.5872167592988456, 'f1-score': 0.3571939405760354, 'support': 14034.0}, 'accuracy': 0.5418159911023233, 'macro avg': {'precision': 0.5395523390480783, 'recall': 0.5582330492877015, 'f1-score': 0.5006217155747725, 'support': 64736.0}, 'weighted avg': {'precision': 0.6997909365868, 'recall': 0.5418159911023233, 'f1-score': 0.5818625962849446, 'support': 64736.0}}"
0.505,15135.7939453125,0.5567914031531993,0.5414143598615917,0.5491028815073955,"{'Normal': {'precision': 0.8213990762548558, 'recall': 0.5296438010334898, 'f1-score': 0.6440194256250374, 'support': 50702.0}, 'Anomaly': {'precision': 0.25575008582217645, 'recall': 0.5839390052729087, 'f1-score': 0.355708922021833, 'support': 14034.0}, 'accuracy': 0.5414143598615917, 'macro avg': {'precision': 0.5385745810385161, 'recall': 0.5567914031531993, 'f1-score': 0.49986417382343523, 'support': 64736.0}, 'weighted avg': {'precision': 0.6987730577839552, 'recall': 0.5414143598615917, 'f1-score': 0.5815171145837719, 'support': 64736.0}}"
0.506,15135.9052734375,0.5554665018460749,0.5410745180425112,0.548270509944293,"{'Normal': {'precision': 0.8204353268003786, 'recall': 0.5300579858782691, 'f1-score': 0.6440288045627194, 'support': 50702.0}, 'Anomaly': {'precision': 0.2549172894712155, 'recall': 0.5808750178138806, 'f1-score': 0.35433464455697306, 'support': 14034.0}, 'accuracy': 0.5410745180425112, 'macro avg': {'precision': 0.537676308135797, 'recall': 0.5554665018460749, 'f1-score': 0.4991817245598462, 'support': 64736.0}, 'weighted avg': {'precision': 0.6978376974152224, 'recall': 0.5410745180425112, 'f1-score': 0.5812265331600895, 'support': 64736.0}}"
0.507,15135.958291015624,0.5537321967932771,0.540456623826001,0.5470944103096391,"{'Normal': {'precision': 0.8192011212333566, 'recall': 0.5302946629324287, 'f1-score': 0.6438226596266896, 'support': 50702.0}, 'Anomaly': {'precision': 0.25379915400282, 'recall': 0.5771697306541257, 'f1-score': 0.35256480010446367, 'support': 14034.0}, 'accuracy': 0.540456623826001, 'macro avg': {'precision': 0.5365001376180883, 'recall': 0.5537321967932771, 'f1-score': 0.49819372986557664, 'support': 64736.0}, 'weighted avg': {'precision': 0.6966286544743145, 'recall': 0.540456623826001, 'f1-score': 0.5806813966426481, 'support': 64736.0}}"
0.508,15136.04041015625,0.5523716677250012,0.5401013346515077,0.5462365011882544,"{'Normal': {'precision': 0.8182205193699447, 'recall': 0.530708847777208, 'f1-score': 0.643824472412308, 'support': 50702.0}, 'Anomaly': {'precision': 0.25293563579277867, 'recall': 0.5740344876727946, 'f1-score': 0.3511463691046988, 'support': 14034.0}, 'accuracy': 0.5401013346515077, 'macro avg': {'precision': 0.5355780775813617, 'recall': 0.5523716677250012, 'f1-score': 0.49748542075850344, 'support': 64736.0}, 'weighted avg': {'precision': 0.6956734349637109, 'recall': 0.5401013346515077, 'f1-score': 0.5803753173545505, 'support': 64736.0}}"
0.509,15136.0908203125,0.5515668718615465,0.5401322293623332,0.5458495506119398,"{'Normal': {'precision': 0.8176134984219471, 'recall': 0.5313794327639936, 'f1-score': 0.6441293901068688, 'support': 50702.0}, 'Anomaly': {'precision': 0.2524540649383338, 'recall': 0.5717543109590993, 'f1-score': 0.35025535815618314, 'support': 14034.0}, 'accuracy': 0.5401322293623332, 'macro avg': {'precision': 0.5350337816801405, 'recall': 0.5515668718615465, 'f1-score': 0.49719237413152595, 'support': 64736.0}, 'weighted avg': {'precision': 0.6950936101139109, 'recall': 0.5401322293623332, 'f1-score': 0.5804209718481578, 'support': 64736.0}}"
0.51,15136.103515625,0.551909170168885,0.5409509391992091,0.546430054684047,"{'Normal': {'precision': 0.8177715860565129, 'recall': 0.5325628180347916, 'f1-score': 0.6450472402384109, 'support': 50702.0}, 'Anomaly': {'precision': 0.25276665510609453, 'recall': 0.5712555223029785, 'f1-score': 0.3504622849773775, 'support': 14034.0}, 'accuracy': 0.5409509391992091, 'macro avg': {'precision': 0.5352691205813037, 'recall': 0.551909170168885, 'f1-score': 0.4977547626078942, 'support': 64736.0}, 'weighted avg': {'precision': 0.6952851920723593, 'recall': 0.5409509391992091, 'f1-score': 0.5811847022049621, 'support': 64736.0}}"
0.511,15136.1162109375,0.5523523086302965,0.5418468858131488,0.5470995972217226,"{'Normal': {'precision': 0.8179949829238069, 'recall': 0.5338053725691294, 'f1-score': 0.6460275215123703, 'support': 50702.0}, 'Anomaly': {'precision': 0.2531517583493949, 'recall': 0.5708992446914636, 'f1-score': 0.3507650548344023, 'support': 14034.0}, 'accuracy': 0.5418468858131488, 'macro avg': {'precision': 0.5355733706366009, 'recall': 0.5523523086302965, 'f1-score': 0.4983962881733863, 'support': 64736.0}, 'weighted avg': {'precision': 0.6955436449715501, 'recall': 0.5418468858131488, 'f1-score': 0.582018107007943, 'support': 64736.0}}"
0.512,15136.1240234375,0.5528075333504711,0.5426810430054375,0.5477442881779543,"{'Normal': {'precision': 0.8182339276555948, 'recall': 0.5349295885763875, 'f1-score': 0.6469248291571754, 'support': 50702.0}, 'Anomaly': {'precision': 0.2535376238564057, 'recall': 0.5706854781245546, 'f1-score': 0.3510948425136444, 'support': 14034.0}, 'accuracy': 0.5426810430054375, 'macro avg': {'precision': 0.5358857757560003, 'recall': 0.5528075333504711, 'f1-score': 0.4990098358354099, 'support': 64736.0}, 'weighted avg': {'precision': 0.6958144403916641, 'recall': 0.5426810430054375, 'f1-score': 0.582792383028973, 'support': 64736.0}}"
0.513,15136.155327148437,0.5523370672958448,0.5429127533366288,0.5476249103162367,"{'Normal': {'precision': 0.8178560674495634, 'recall': 0.5356987890024062, 'f1-score': 0.6473686719420345, 'support': 50702.0}, 'Anomaly': {'precision': 0.25328300450421876, 'recall': 0.5689753455892832, 'f1-score': 0.3505267778753292, 'support': 14034.0}, 'accuracy': 0.5429127533366288, 'macro avg': {'precision': 0.535569535976891, 'recall': 0.5523370672958448, 'f1-score': 0.4989477249086819, 'support': 64736.0}, 'weighted avg': {'precision': 0.6954632973467617, 'recall': 0.5429127533366288, 'f1-score': 0.5830168562393012, 'support': 64736.0}}"
0.514,15136.2158203125,0.5513048249070158,0.5427891744933268,0.5470469997001712,"{'Normal': {'precision': 0.8171054213246784, 'recall': 0.5362707585499585, 'f1-score': 0.6475505489532973, 'support': 50702.0}, 'Anomaly': {'precision': 0.252638270820089, 'recall': 0.566338891264073, 'f1-score': 0.34940871323691036, 'support': 14034.0}, 'accuracy': 0.5427891744933268, 'macro avg': {'precision': 0.5348718460723837, 'recall': 0.5513048249070158, 'f1-score': 0.49847963109510385, 'support': 64736.0}, 'weighted avg': {'precision': 0.6947356117877683, 'recall': 0.5427891744933268, 'f1-score': 0.5829169212586023, 'support': 64736.0}}"
0.515,15136.268090820313,0.5500610406661177,0.5424956747404844,0.546278357703301,"{'Normal': {'precision': 0.8162212423887939, 'recall': 0.5367046664825845, 'f1-score': 0.6475886769552957, 'support': 50702.0}, 'Anomaly': {'precision': 0.2518393477083798, 'recall': 0.5634174148496508, 'f1-score': 0.3480883097444476, 'support': 14034.0}, 'accuracy': 0.5424956747404844, 'macro avg': {'precision': 0.5340302950485869, 'recall': 0.5500610406661177, 'f1-score': 0.4978384933498716, 'support': 64736.0}, 'weighted avg': {'precision': 0.693869915307341, 'recall': 0.5424956747404844, 'f1-score': 0.5826605356824792, 'support': 64736.0}}"
0.516,15136.350625,0.549337361868889,0.542572911517548,0.5459551366932185,"{'Normal': {'precision': 0.8156807567955934, 'recall': 0.5373949745572166, 'f1-score': 0.6479204812974104, 'support': 50702.0}, 'Anomaly': {'precision': 0.2514043150772373, 'recall': 0.5612797491805614, 'f1-score': 0.34726447118987785, 'support': 14034.0}, 'accuracy': 0.5425729115175482, 'macro avg': {'precision': 0.5335425359364153, 'recall': 0.549337361868889, 'f1-score': 0.4975924762436441, 'support': 64736.0}, 'weighted avg': {'precision': 0.6933522906704789, 'recall': 0.542572911517548, 'f1-score': 0.5827418102975168, 'support': 64736.0}}"
0.517,15136.451166992187,0.5485128429175876,0.5425729115175482,0.5455428772175679,"{'Normal': {'precision': 0.8150770885622087, 'recall': 0.538026113368309, 'f1-score': 0.6481881905667102, 'support': 50702.0}, 'Anomaly': {'precision': 0.2508954842011002, 'recall': 0.5589995724668662, 'f1-score': 0.3463423248421703, 'support': 14034.0}, 'accuracy': 0.5425729115175482, 'macro avg': {'precision': 0.5329862863816545, 'recall': 0.5485128429175876, 'f1-score': 0.49726525770444024, 'support': 64736.0}, 'weighted avg': {'precision': 0.692769182055724, 'recall': 0.5425729115175482, 'f1-score': 0.5827515729261671, 'support': 64736.0}}"
0.518,15136.513671875,0.5469741750435542,0.5421403855659911,0.5445572803047727,"{'Normal': {'precision': 0.8140020275508378, 'recall': 0.5384402982130883, 'f1-score': 0.6481481481481481, 'support': 50702.0}, 'Anomaly': {'precision': 0.24988781332136675, 'recall': 0.5555080518740202, 'f1-score': 0.3447117085249381, 'support': 14034.0}, 'accuracy': 0.5421403855659911, 'macro avg': {'precision': 0.5319449204361023, 'recall': 0.5469741750435542, 'f1-score': 0.4964299283365431, 'support': 64736.0}, 'weighted avg': {'precision': 0.6917087304287358, 'recall': 0.5421403855659911, 'f1-score': 0.582366712877632, 'support': 64736.0}}"
0.519,15136.625454101562,0.546701570882532,0.5424802273850716,0.5445908991338018,"{'Normal': {'precision': 0.8137686767069469, 'recall': 0.5392489448148002, 'f1-score': 0.6486595492289442, 'support': 50702.0}, 'Anomaly': {'precision': 0.249759136746098, 'recall': 0.5541541969502637, 'f1-score': 0.3443283449924732, 'support': 14034.0}, 'accuracy': 0.5424802273850716, 'macro avg': {'precision': 0.5317639067265224, 'recall': 0.546701570882532, 'f1-score': 0.4964939471107087, 'support': 64736.0}, 'weighted avg': {'precision': 0.691498071729646, 'recall': 0.5424802273850716, 'f1-score': 0.5826841395611452, 'support': 64736.0}}"
0.52,15136.7021484375,0.5467451671421935,0.5431135689569946,0.544929368049594,"{'Normal': {'precision': 0.8137345174800249, 'recall': 0.540333714646365, 'f1-score': 0.6494328485581197, 'support': 50702.0}, 'Anomaly': {'precision': 0.24986320769899256, 'recall': 0.553156619638022, 'f1-score': 0.3442343081391482, 'support': 14034.0}, 'accuracy': 0.5431135689569946, 'macro avg': {'precision': 0.5317988625895087, 'recall': 0.5467451671421935, 'f1-score': 0.49683357834863395, 'support': 64736.0}, 'weighted avg': {'precision': 0.6914938791726379, 'recall': 0.5431135689569946, 'f1-score': 0.5832694106527834, 'support': 64736.0}}"
0.521,15136.7109375,0.5473209551042877,0.5440558576371726,0.5456884063707301,"{'Normal': {'precision': 0.8140527720130447, 'recall': 0.5415565460928563, 'f1-score': 0.6504169035436801, 'support': 50702.0}, 'Anomaly': {'precision': 0.2503386441333935, 'recall': 0.553085364115719, 'f1-score': 0.34467140319715805, 'support': 14034.0}, 'accuracy': 0.5440558576371726, 'macro avg': {'precision': 0.5321957080732191, 'recall': 0.5473209551042877, 'f1-score': 0.4975441533704191, 'support': 64736.0}, 'weighted avg': {'precision': 0.6918462088849084, 'recall': 0.5440558576371726, 'f1-score': 0.5841348911879107, 'support': 64736.0}}"
0.522,15136.7314453125,0.5478156260001554,0.5449518042511121,0.5463837151256338,"{'Normal': {'precision': 0.8143161507959993, 'recall': 0.5427596544515009, 'f1-score': 0.651368112099981, 'support': 50702.0}, 'Anomaly': {'precision': 0.25075948548897936, 'recall': 0.55287159754881, 'f1-score': 0.34502845962291, 'support': 14034.0}, 'accuracy': 0.5449518042511122, 'macro avg': {'precision': 0.5325378181424893, 'recall': 0.5478156260001554, 'f1-score': 0.49819828586144554, 'support': 64736.0}, 'weighted avg': {'precision': 0.6921437236933251, 'recall': 0.5449518042511121, 'f1-score': 0.5849572945817034, 'support': 64736.0}}"
0.523,15136.765625,0.5484012755061729,0.5459095402867029,0.5471554078964379,"{'Normal': {'precision': 0.8146376041112883, 'recall': 0.5440022089858388, 'f1-score': 0.6523651844843897, 'support': 50702.0}, 'Anomaly': {'precision': 0.25124684241207335, 'recall': 0.5528003420265071, 'f1-score': 0.3454755967224795, 'support': 14034.0}, 'accuracy': 0.5459095402867029, 'macro avg': {'precision': 0.5329422232616808, 'recall': 0.5484012755061729, 'f1-score': 0.4989203906034346, 'support': 64736.0}, 'weighted avg': {'precision': 0.6925011429507781, 'recall': 0.5459095402867029, 'f1-score': 0.5858351474933701, 'support': 64736.0}}"
0.524,15136.7734375,0.5490619989490352,0.5469445130993574,0.5480032560241963,"{'Normal': {'precision': 0.8150036845983788, 'recall': 0.5453236558715633, 'f1-score': 0.6534321197726494, 'support': 50702.0}, 'Anomaly': {'precision': 0.2517931907435656, 'recall': 0.5528003420265071, 'f1-score': 0.34599174935890287, 'support': 14034.0}, 'accuracy': 0.5469445130993574, 'macro avg': {'precision': 0.5333984376709722, 'recall': 0.5490619989490352, 'f1-score': 0.4997119345657761, 'support': 64736.0}, 'weighted avg': {'precision': 0.6929063033768259, 'recall': 0.5469445130993574, 'f1-score': 0.5867826796097335, 'support': 64736.0}}"
0.525,15136.779296875,0.5497621685675906,0.5480412753336629,0.5489017219506267,"{'Normal': {'precision': 0.8153900458877515, 'recall': 0.5467239951086742, 'f1-score': 0.6545609105291742, 'support': 50702.0}, 'Anomaly': {'precision': 0.2523747560182173, 'recall': 0.5528003420265071, 'f1-score': 0.3465404029124045, 'support': 14034.0}, 'accuracy': 0.5480412753336629, 'macro avg': {'precision': 0.5338824009529844, 'recall': 0.5497621685675906, 'f1-score': 0.5005506567207894, 'support': 64736.0}, 'weighted avg': {'precision': 0.6933349825840404, 'recall': 0.5480412753336629, 'f1-score': 0.5877857034744636, 'support': 64736.0}}"
0.526,15136.845322265624,0.5501225962630738,0.5487673010380623,0.549444948650568,"{'Normal': {'precision': 0.8155707615048016, 'recall': 0.5477298725888525, 'f1-score': 0.6553396339952569, 'support': 50702.0}, 'Anomaly': {'precision': 0.25269675737330943, 'recall': 0.5525153199372952, 'f1-score': 0.34678771886670096, 'support': 14034.0}, 'accuracy': 0.5487673010380623, 'macro avg': {'precision': 0.5341337594390555, 'recall': 0.5501225962630738, 'f1-score': 0.5010636764309789, 'support': 64736.0}, 'weighted avg': {'precision': 0.6935463272799288, 'recall': 0.5487673010380623, 'f1-score': 0.5884492240701124, 'support': 64736.0}}"
0.527,15136.952485351563,0.550627128702865,0.5496786950074147,0.5501529118551398,"{'Normal': {'precision': 0.8158342126861297, 'recall': 0.5489527040353438, 'f1-score': 0.6562993704166569, 'support': 50702.0}, 'Anomaly': {'precision': 0.2531352057478772, 'recall': 0.5523015533703862, 'f1-score': 0.34715814932592826, 'support': 14034.0}, 'accuracy': 0.5496786950074147, 'macro avg': {'precision': 0.5344847092170034, 'recall': 0.550627128702865, 'f1-score': 0.5017287598712925, 'support': 64736.0}, 'weighted avg': {'precision': 0.6938477157853105, 'recall': 0.5496786950074147, 'f1-score': 0.5892812059210549, 'support': 64736.0}}"
0.528,15137.1376953125,0.5511870119916543,0.5506364310430055,0.5509117215173299,"{'Normal': {'precision': 0.8161312971739512, 'recall': 0.5502149816575284, 'f1-score': 0.6572970171056972, 'support': 50702.0}, 'Anomaly': {'precision': 0.25361654775152187, 'recall': 0.5521590423257803, 'f1-score': 0.34758230914147303, 'support': 14034.0}, 'accuracy': 0.5506364310430054, 'macro avg': {'precision': 0.5348739224627366, 'recall': 0.5511870119916543, 'f1-score': 0.5024396631235851, 'support': 64736.0}, 'weighted avg': {'precision': 0.6941847451257188, 'recall': 0.5506364310430055, 'f1-score': 0.5901545274311742, 'support': 64736.0}}"
0.529,15137.28125,0.5515907042773724,0.5514705882352942,0.5515306462563333,"{'Normal': {'precision': 0.8163289143257607, 'recall': 0.5513786438404796, 'f1-score': 0.6581908932523426, 'support': 50702.0}, 'Anomaly': {'precision': 0.2539849130862578, 'recall': 0.5518027647142654, 'f1-score': 0.34785733536968827, 'support': 14034.0}, 'accuracy': 0.5514705882352942, 'macro avg': {'precision': 0.5351569137060093, 'recall': 0.5515907042773724, 'f1-score': 0.5030241143110155, 'support': 64736.0}, 'weighted avg': {'precision': 0.6944193784663443, 'recall': 0.5514705882352942, 'f1-score': 0.5909142442266818, 'support': 64736.0}}"
0.53,15137.34287109375,0.5521308644783152,0.5523974295600593,0.5522641470191872,"{'Normal': {'precision': 0.8166132322937919, 'recall': 0.5526014752869709, 'f1-score': 0.6591540017879829, 'support': 50702.0}, 'Anomaly': {'precision': 0.25445342798921977, 'recall': 0.5516602536696594, 'f1-score': 0.348268106162843, 'support': 14034.0}, 'accuracy': 0.5523974295600593, 'macro avg': {'precision': 0.5355333301415058, 'recall': 0.5521308644783152, 'f1-score': 0.5037110539754129, 'support': 64736.0}, 'weighted avg': {'precision': 0.6947436281537406, 'recall': 0.5523974295600593, 'f1-score': 0.5917576124651452, 'support': 64736.0}}"
0.531,15137.4677734375,0.5511638344824077,0.5523356401384083,0.551749737310408,"{'Normal': {'precision': 0.8159287916690907, 'recall': 0.5532326140980632, 'f1-score': 0.659379407616361, 'support': 50702.0}, 'Anomaly': {'precision': 0.25383753870478953, 'recall': 0.5490950548667521, 'f1-score': 0.34717967201297534, 'support': 14034.0}, 'accuracy': 0.5523356401384083, 'macro avg': {'precision': 0.5348831651869401, 'recall': 0.5511638344824077, 'f1-score': 0.5032795398146682, 'support': 64736.0}, 'weighted avg': {'precision': 0.6940740486497352, 'recall': 0.5523356401384083, 'f1-score': 0.5916981933081259, 'support': 64736.0}}"
0.532,15137.51564453125,0.5505470389686336,0.5524592189817104,0.551503128975172,"{'Normal': {'precision': 0.8154761904761905, 'recall': 0.5539229221726953, 'f1-score': 0.6597214065913415, 'support': 50702.0}, 'Anomaly': {'precision': 0.25346580406654345, 'recall': 0.5471711557645718, 'f1-score': 0.34644710128581097, 'support': 14034.0}, 'accuracy': 0.5524592189817104, 'macro avg': {'precision': 0.5344709972713669, 'recall': 0.5505470389686336, 'f1-score': 0.5030842539385763, 'support': 64736.0}, 'weighted avg': {'precision': 0.6936389783705154, 'recall': 0.5524592189817104, 'f1-score': 0.5918072382667954, 'support': 64736.0}}"
0.533,15137.7294921875,0.5500962960018538,0.5527218240237272,0.5514090600127906,"{'Normal': {'precision': 0.815128242283727, 'recall': 0.5547315687744073, 'f1-score': 0.660180501601981, 'support': 50702.0}, 'Anomaly': {'precision': 0.25321689656313057, 'recall': 0.5454610232293002, 'f1-score': 0.3458714560036146, 'support': 14034.0}, 'accuracy': 0.5527218240237272, 'macro avg': {'precision': 0.5341725694234288, 'recall': 0.5500962960018538, 'f1-score': 0.5030259788027978, 'support': 64736.0}, 'weighted avg': {'precision': 0.6933125010293578, 'recall': 0.5527218240237272, 'f1-score': 0.5920420138065122, 'support': 64736.0}}"
0.534,15138.00974609375,0.5495902021860759,0.5529380869995056,0.5512641445927908,"{'Normal': {'precision': 0.8147473169602824, 'recall': 0.555500769200426, 'f1-score': 0.6605997349626485, 'support': 50702.0}, 'Anomaly': {'precision': 0.25292538203997744, 'recall': 0.5436796351717258, 'f1-score': 0.3452410578946178, 'support': 14034.0}, 'accuracy': 0.5529380869995056, 'macro avg': {'precision': 0.5338363495001299, 'recall': 0.5495902021860759, 'f1-score': 0.5029203964286331, 'support': 64736.0}, 'weighted avg': {'precision': 0.6929509589111048, 'recall': 0.5529380869995056, 'f1-score': 0.5922336994650468, 'support': 64736.0}}"
0.535,15138.53017578125,0.548957501998997,0.5530771131982205,0.5510173075986087,"{'Normal': {'precision': 0.8142865392388982, 'recall': 0.5562305234507514, 'f1-score': 0.6609637198837537, 'support': 50702.0}, 'Anomaly': {'precision': 0.2525413593781144, 'recall': 0.5416844805472424, 'f1-score': 0.34448069603045134, 'support': 14034.0}, 'accuracy': 0.5530771131982205, 'macro avg': {'precision': 0.5334139493085063, 'recall': 0.548957501998997, 'f1-score': 0.5027222079571025, 'support': 64736.0}, 'weighted avg': {'precision': 0.69250682077983, 'recall': 0.5530771131982205, 'f1-score': 0.5923539392862925, 'support': 64736.0}}"
0.536,15138.7089453125,0.5495431515050144,0.5540348492338113,0.5517890003694128,"{'Normal': {'precision': 0.8146002651449651, 'recall': 0.5574730779850894, 'f1-score': 0.661943793911007, 'support': 50702.0}, 'Anomaly': {'precision': 0.25304614155403155, 'recall': 0.5416132250249395, 'f1-score': 0.34493555999273917, 'support': 14034.0}, 'accuracy': 0.5540348492338112, 'macro avg': {'precision': 0.5338232033494983, 'recall': 0.5495431515050144, 'f1-score': 0.5034396769518731, 'support': 64736.0}, 'weighted avg': {'precision': 0.6928619654280354, 'recall': 0.5540348492338113, 'f1-score': 0.5932201539763652, 'support': 64736.0}}"
0.537,15139.290205078125,0.5493198550636087,0.5544519278299556,0.5518858914467821,"{'Normal': {'precision': 0.814400368207577, 'recall': 0.5583803400260344, 'f1-score': 0.6625168197507751, 'support': 50702.0}, 'Anomaly': {'precision': 0.2529609982317419, 'recall': 0.5402593701011829, 'f1-score': 0.3445815438452973, 'support': 14034.0}, 'accuracy': 0.5544519278299556, 'macro avg': {'precision': 0.5336806832196594, 'recall': 0.5493198550636087, 'f1-score': 0.5035491817980362, 'support': 64736.0}, 'weighted avg': {'precision': 0.6926869457186857, 'recall': 0.5544519278299556, 'f1-score': 0.5935922080655077, 'support': 64736.0}}"
0.538,15139.948115234374,0.5497334088932502,0.5553015323776569,0.5525174706354535,"{'Normal': {'precision': 0.8146031928333525, 'recall': 0.5595637252968325, 'f1-score': 0.6634163451420554, 'support': 50702.0}, 'Anomaly': {'precision': 0.25334358700013376, 'recall': 0.539903092489668, 'f1-score': 0.34486368394702105, 'support': 14034.0}, 'accuracy': 0.5553015323776569, 'macro avg': {'precision': 0.5339733899167431, 'recall': 0.5497334088932502, 'f1-score': 0.5041400145445383, 'support': 64736.0}, 'weighted avg': {'precision': 0.6929287410868221, 'recall': 0.5553015323776569, 'f1-score': 0.5943578916198867, 'support': 64736.0}}"
0.539,15140.255859375,0.5503941323361123,0.5563365051903114,0.5533653187632119,"{'Normal': {'precision': 0.8149591632038974, 'recall': 0.5608851721825568, 'f1-score': 0.6644625395749851, 'support': 50702.0}, 'Anomaly': {'precision': 0.2539124023993834, 'recall': 0.539903092489668, 'f1-score': 0.3453903133903134, 'support': 14034.0}, 'accuracy': 0.5563365051903114, 'macro avg': {'precision': 0.5344357828016404, 'recall': 0.5503941323361123, 'f1-score': 0.5049264264826493, 'support': 64736.0}, 'weighted avg': {'precision': 0.6933308537450098, 'recall': 0.5563365051903114, 'f1-score': 0.5952914505012752, 'support': 64736.0}}"
0.54,15140.3251953125,0.5510093664738998,0.5573405832921404,0.55417497488302,"{'Normal': {'precision': 0.8152851667524741, 'recall': 0.5621868959804347, 'f1-score': 0.6654837504669406, 'support': 50702.0}, 'Anomaly': {'precision': 0.2544501914421979, 'recall': 0.5398318369673649, 'f1-score': 0.34587289992695397, 'support': 14034.0}, 'accuracy': 0.5573405832921404, 'macro avg': {'precision': 0.534867679097336, 'recall': 0.5510093664738998, 'f1-score': 0.5056783251969473, 'support': 64736.0}, 'weighted avg': {'precision': 0.6937027698866742, 'recall': 0.5573405832921404, 'f1-score': 0.5961958939963806, 'support': 64736.0}}"
0.541,15140.39798828125,0.5516010591092988,0.5582674246169056,0.5549342418631023,"{'Normal': {'precision': 0.815601621837702, 'recall': 0.5633702812512327, 'f1-score': 0.6664178059819887, 'support': 50702.0}, 'Anomaly': {'precision': 0.25496399003836573, 'recall': 0.5398318369673649, 'f1-score': 0.34634726158910123, 'support': 14034.0}, 'accuracy': 0.5582674246169056, 'macro avg': {'precision': 0.5352828059380339, 'recall': 0.5516010591092988, 'f1-score': 0.506382533785545, 'support': 64736.0}, 'weighted avg': {'precision': 0.6940620067136306, 'recall': 0.5582674246169056, 'f1-score': 0.5970302933150062, 'support': 64736.0}}"
0.542,15140.547236328124,0.5522420594643144,0.5592715027187346,0.5557567810915245,"{'Normal': {'precision': 0.8159432268361502, 'recall': 0.5646522819612638, 'f1-score': 0.6674282250638194, 'support': 50702.0}, 'Anomaly': {'precision': 0.25552295187021484, 'recall': 0.5398318369673649, 'f1-score': 0.3468626239040359, 'support': 14034.0}, 'accuracy': 0.5592715027187346, 'macro avg': {'precision': 0.5357330893531825, 'recall': 0.5522420594643144, 'f1-score': 0.5071454244839276, 'support': 64736.0}, 'weighted avg': {'precision': 0.6944507321056766, 'recall': 0.5592715027187346, 'f1-score': 0.5979333899384425, 'support': 64736.0}}"
0.543,15140.5703125,0.5529027829071766,0.560306475531389,0.5566046292192828,"{'Normal': {'precision': 0.8162940205950958, 'recall': 0.5659737288469883, 'f1-score': 0.6684681326872903, 'support': 50702.0}, 'Anomaly': {'precision': 0.25610168345615575, 'recall': 0.5398318369673649, 'f1-score': 0.3473954512105649, 'support': 14034.0}, 'accuracy': 0.560306475531389, 'macro avg': {'precision': 0.5361978520256258, 'recall': 0.5529027829071766, 'f1-score': 0.5079317919489277, 'support': 64736.0}, 'weighted avg': {'precision': 0.694850940092626, 'recall': 0.560306475531389, 'f1-score': 0.598863368539917, 'support': 64736.0}}"
0.544,15140.5908203125,0.5535536448061156,0.5613260009886307,0.5574398228973731,"{'Normal': {'precision': 0.8166382737081204, 'recall': 0.5672754526448661, 'f1-score': 0.6694909336374851, 'support': 50702.0}, 'Anomaly': {'precision': 0.25667434611736006, 'recall': 0.5398318369673649, 'f1-score': 0.3479219288174512, 'support': 14034.0}, 'accuracy': 0.5613260009886307, 'macro avg': {'precision': 0.5366563099127402, 'recall': 0.5535536448061156, 'f1-score': 0.5087064312274682, 'support': 64736.0}, 'weighted avg': {'precision': 0.6952447096972342, 'recall': 0.5613260009886307, 'f1-score': 0.5997785724529147, 'support': 64736.0}}"
0.545,15140.74736328125,0.5541551989854379,0.5622682896688087,0.5582117443271233,"{'Normal': {'precision': 0.8169553017204728, 'recall': 0.5684785610035107, 'f1-score': 0.6704348534012537, 'support': 50702.0}, 'Anomaly': {'precision': 0.2572059073162451, 'recall': 0.5398318369673649, 'f1-score': 0.3484099427441422, 'support': 14034.0}, 'accuracy': 0.5622682896688087, 'macro avg': {'precision': 0.5370806045183589, 'recall': 0.5541551989854379, 'f1-score': 0.509422398072698, 'support': 64736.0}, 'weighted avg': {'precision': 0.6956082459699025, 'recall': 0.5622682896688087, 'f1-score': 0.600623657217339, 'support': 64736.0}}"
0.546,15140.9836328125,0.5547052207303038,0.5632105783489867,0.5589578995396453,"{'Normal': {'precision': 0.8172353307304928, 'recall': 0.5697211155378487, 'f1-score': 0.6713927110449981, 'support': 50702.0}, 'Anomaly': {'precision': 0.25770670296019055, 'recall': 0.539689325922759, 'f1-score': 0.34883935151068535, 'support': 14034.0}, 'accuracy': 0.5632105783489867, 'macro avg': {'precision': 0.5374710168453417, 'recall': 0.5547052207303038, 'f1-score': 0.5101160312778417, 'support': 64736.0}, 'weighted avg': {'precision': 0.6959361345779899, 'recall': 0.5632105783489867, 'f1-score': 0.6014669533876739, 'support': 64736.0}}"
0.547,15141.168100585937,0.5552552424751698,0.5641528670291646,0.5597040547521672,"{'Normal': {'precision': 0.8175143317048374, 'recall': 0.5709636700721865, 'f1-score': 0.672349122664406, 'support': 50702.0}, 'Anomaly': {'precision': 0.25820971867007675, 'recall': 0.539546814878153, 'f1-score': 0.34927004774095344, 'support': 14034.0}, 'accuracy': 0.5641528670291646, 'macro avg': {'precision': 0.5378620251874571, 'recall': 0.5552552424751698, 'f1-score': 0.5108095852026797, 'support': 64736.0}, 'weighted avg': {'precision': 0.6962636993004592, 'recall': 0.5641528670291646, 'f1-score': 0.6023093961215901, 'support': 64736.0}}"
0.548,15141.33767578125,0.5555224668456636,0.5648943400889769,0.5602084034673203,"{'Normal': {'precision': 0.8176180408738548, 'recall': 0.572068162991598, 'f1-score': 0.6731494482286456, 'support': 50702.0}, 'Anomaly': {'precision': 0.25850107651823245, 'recall': 0.5389767706997293, 'f1-score': 0.3494167917773415, 'support': 14034.0}, 'accuracy': 0.5648943400889768, 'macro avg': {'precision': 0.5380595586960436, 'recall': 0.5555224668456636, 'f1-score': 0.5112831200029936, 'support': 64736.0}, 'weighted avg': {'precision': 0.6964080884862064, 'recall': 0.5648943400889769, 'f1-score': 0.6029680329320934, 'support': 64736.0}}"
0.549,15141.3759765625,0.5560368608293781,0.5658211814137419,0.5609290211215601,"{'Normal': {'precision': 0.8178723164795588, 'recall': 0.5733107175259359, 'f1-score': 0.6740952888930116, 'support': 50702.0}, 'Anomaly': {'precision': 0.2589827025175544, 'recall': 0.5387630041328203, 'f1-score': 0.34981146915265215, 'support': 14034.0}, 'accuracy': 0.5658211814137419, 'macro avg': {'precision': 0.5384275094985567, 'recall': 0.5560368608293781, 'f1-score': 0.5119533790228319, 'support': 64736.0}, 'weighted avg': {'precision': 0.6967116509712981, 'recall': 0.5658211814137419, 'f1-score': 0.6037943879069111, 'support': 64736.0}}"
0.55,15141.472412109375,0.5563950638100215,0.5666244438952052,0.5615097538526133,"{'Normal': {'precision': 0.818031175396714, 'recall': 0.5744546566210406, 'f1-score': 0.6749394602987011, 'support': 50702.0}, 'Anomaly': {'precision': 0.2593457141876352, 'recall': 0.5383354709990025, 'f1-score': 0.3500521255646936, 'support': 14034.0}, 'accuracy': 0.5666244438952052, 'macro avg': {'precision': 0.5386884447921746, 'recall': 0.5563950638100215, 'f1-score': 0.5124957929316973, 'support': 64736.0}, 'weighted avg': {'precision': 0.6969147677933988, 'recall': 0.5666244438952052, 'f1-score': 0.6045077243919867, 'support': 64736.0}}"
0.551,15141.521455078126,0.5569352240109642,0.5675512852199703,0.5622432546154672,"{'Normal': {'precision': 0.818301606436962, 'recall': 0.5756774880675318, 'f1-score': 0.6758750043417351, 'support': 50702.0}, 'Anomaly': {'precision': 0.25984793752365226, 'recall': 0.5381929599543964, 'f1-score': 0.35047910721328973, 'support': 14034.0}, 'accuracy': 0.5675512852199703, 'macro avg': {'precision': 0.5390747719803072, 'recall': 0.5569352240109642, 'f1-score': 0.5131770557775124, 'support': 64736.0}, 'weighted avg': {'precision': 0.6972354486649435, 'recall': 0.5675512852199703, 'f1-score': 0.6053330181161327, 'support': 64736.0}}"
0.552,15141.5791015625,0.5575603196926748,0.568570810677212,0.5630655651849434,"{'Normal': {'precision': 0.8186193580882559, 'recall': 0.5769989349532563, 'f1-score': 0.676893531854834, 'support': 50702.0}, 'Anomaly': {'precision': 0.2604227731990758, 'recall': 0.5381217044320935, 'f1-score': 0.35098645225756975, 'support': 14034.0}, 'accuracy': 0.568570810677212, 'macro avg': {'precision': 0.5395210656436659, 'recall': 0.5575603196926748, 'f1-score': 0.5139399920562019, 'support': 64736.0}, 'weighted avg': {'precision': 0.6976089330954428, 'recall': 0.568570810677212, 'f1-score': 0.6062407273091714, 'support': 64736.0}}"
0.553,15141.599609375,0.5581914585037672,0.5695594414236282,0.5638754499636978,"{'Normal': {'precision': 0.8189436049272367, 'recall': 0.5782612125754408, 'f1-score': 0.6778724437302752, 'support': 50702.0}, 'Anomaly': {'precision': 0.2609987903922585, 'recall': 0.5381217044320935, 'f1-score': 0.3515092275826759, 'support': 14034.0}, 'accuracy': 0.5695594414236282, 'macro avg': {'precision': 0.5399711976597477, 'recall': 0.5581914585037672, 'f1-score': 0.5146908356564756, 'support': 64736.0}, 'weighted avg': {'precision': 0.697987760772765, 'recall': 0.5695594414236282, 'f1-score': 0.6071207541693601, 'support': 64736.0}}"
0.554,15141.623046875,0.5588225973148595,0.5705480721700444,0.564685334742452,"{'Normal': {'precision': 0.8192666945490032, 'recall': 0.5795234901976254, 'f1-score': 0.6788499081636189, 'support': 50702.0}, 'Anomaly': {'precision': 0.2615773613660767, 'recall': 0.5381217044320935, 'f1-score': 0.3520335625218506, 'support': 14034.0}, 'accuracy': 0.5705480721700444, 'macro avg': {'precision': 0.54042202795754, 'recall': 0.5588225973148595, 'f1-score': 0.5154417353427347, 'support': 64736.0}, 'weighted avg': {'precision': 0.6983662357333645, 'recall': 0.5705480721700444, 'f1-score': 0.6079999854817019, 'support': 64736.0}}"
0.555,15141.653247070313,0.5594438745820284,0.5715212555610479,0.5654825650715382,"{'Normal': {'precision': 0.81958361166778, 'recall': 0.5807660447319632, 'f1-score': 0.6798106891377121, 'support': 50702.0}, 'Anomaly': {'precision': 0.26214940294362676, 'recall': 0.5381217044320935, 'f1-score': 0.3525512347696186, 'support': 14034.0}, 'accuracy': 0.5715212555610479, 'macro avg': {'precision': 0.5408665073057034, 'recall': 0.5594438745820284, 'f1-score': 0.5161809619536654, 'support': 64736.0}, 'weighted avg': {'precision': 0.698738460820728, 'recall': 0.5715212555610479, 'f1-score': 0.6088647057188752, 'support': 64736.0}}"
0.556,15141.7197265625,0.560242659639817,0.5727724913494809,0.5665075754946489,"{'Normal': {'precision': 0.8199894470826737, 'recall': 0.5823636148475405, 'f1-score': 0.6810439275293793, 'support': 50702.0}, 'Anomaly': {'precision': 0.2628885717269468, 'recall': 0.5381217044320935, 'f1-score': 0.3532190547461472, 'support': 14034.0}, 'accuracy': 0.5727724913494809, 'macro avg': {'precision': 0.5414390094048103, 'recall': 0.560242659639817, 'f1-score': 0.5171314911377632, 'support': 64736.0}, 'weighted avg': {'precision': 0.6992165589718502, 'recall': 0.5727724913494809, 'f1-score': 0.6099753680780712, 'support': 64736.0}}"
0.557,15141.734375,0.5607357368359829,0.5735448591201187,0.5671402979780508,"{'Normal': {'precision': 0.82023905266369, 'recall': 0.5833497692398721, 'f1-score': 0.681804036375791, 'support': 50702.0}, 'Anomaly': {'precision': 0.26334693308226104, 'recall': 0.5381217044320935, 'f1-score': 0.35363255367469737, 'support': 14034.0}, 'accuracy': 0.5735448591201187, 'macro avg': {'precision': 0.5417929928729756, 'recall': 0.5607357368359829, 'f1-score': 0.5177182950252441, 'support': 64736.0}, 'weighted avg': {'precision': 0.6995114203384649, 'recall': 0.5735448591201187, 'f1-score': 0.6106603359891878, 'support': 64736.0}}"
0.558,15141.7802734375,0.5614654910863083,0.5746879634206624,0.5680767272534853,"{'Normal': {'precision': 0.8206072011734425, 'recall': 0.584809277740523, 'f1-score': 0.6829273910289629, 'support': 50702.0}, 'Anomaly': {'precision': 0.26402824878509246, 'recall': 0.5381217044320935, 'f1-score': 0.3542463118887351, 'support': 14034.0}, 'accuracy': 0.5746879634206624, 'macro avg': {'precision': 0.5423177249792674, 'recall': 0.5614654910863083, 'f1-score': 0.518586851458849, 'support': 64736.0}, 'weighted avg': {'precision': 0.6999474597958767, 'recall': 0.5746879634206624, 'f1-score': 0.6116732161547977, 'support': 64736.0}}"
0.559,15141.783203125,0.562668599444953,0.5765725407810183,0.5696205701129856,"{'Normal': {'precision': 0.8212108674665564, 'recall': 0.5872154944578123, 'f1-score': 0.6847752337362144, 'support': 50702.0}, 'Anomaly': {'precision': 0.2651592289596573, 'recall': 0.5381217044320935, 'f1-score': 0.3552628484064448, 'support': 14034.0}, 'accuracy': 0.5765725407810183, 'macro avg': {'precision': 0.5431850482131069, 'recall': 0.562668599444953, 'f1-score': 0.5200190410713296, 'support': 64736.0}, 'weighted avg': {'precision': 0.7006654415087304, 'recall': 0.5765725407810183, 'f1-score': 0.6133408415013222, 'support': 64736.0}}"
0.56,15141.783203125,0.562668599444953,0.5765725407810183,0.5696205701129856,"{'Normal': {'precision': 0.8212108674665564, 'recall': 0.5872154944578123, 'f1-score': 0.6847752337362144, 'support': 50702.0}, 'Anomaly': {'precision': 0.2651592289596573, 'recall': 0.5381217044320935, 'f1-score': 0.3552628484064448, 'support': 14034.0}, 'accuracy': 0.5765725407810183, 'macro avg': {'precision': 0.5431850482131069, 'recall': 0.562668599444953, 'f1-score': 0.5200190410713296, 'support': 64736.0}, 'weighted avg': {'precision': 0.7006654415087304, 'recall': 0.5765725407810183, 'f1-score': 0.6133408415013222, 'support': 64736.0}}"
0.561,15142.3154296875,0.563376405892592,0.5777619871478002,0.5705691965201961,"{'Normal': {'precision': 0.8215543813298106, 'recall': 0.5887736183976964, 'f1-score': 0.6859532617936993, 'support': 50702.0}, 'Anomaly': {'precision': 0.2658450704225352, 'recall': 0.5379791933874876, 'f1-score': 0.3558467266814347, 'support': 14034.0}, 'accuracy': 0.5777619871478002, 'macro avg': {'precision': 0.5436997258761729, 'recall': 0.563376405892592, 'f1-score': 0.5208999942375669, 'support': 64736.0}, 'weighted avg': {'precision': 0.7010831679512777, 'recall': 0.5777619871478002, 'f1-score': 0.6143900649053293, 'support': 64736.0}}"
0.562,15142.718818359375,0.5638300369130644,0.5784725654967869,0.5711513012049256,"{'Normal': {'precision': 0.8217800010994448, 'recall': 0.5896808804386414, 'f1-score': 0.6866473749483257, 'support': 50702.0}, 'Anomaly': {'precision': 0.26627636312336883, 'recall': 0.5379791933874876, 'f1-score': 0.35623289610267056, 'support': 14034.0}, 'accuracy': 0.5784725654967869, 'macro avg': {'precision': 0.5440281821114068, 'recall': 0.5638300369130644, 'f1-score': 0.5214401355254982, 'support': 64736.0}, 'weighted avg': {'precision': 0.7013533751825477, 'recall': 0.5784725654967869, 'f1-score': 0.6150174194966462, 'support': 64736.0}}"
0.563,15143.854111328124,0.56373334684296,0.578966880869995,0.5713501138564775,"{'Normal': {'precision': 0.8216539537946551, 'recall': 0.5906275886552799, 'f1-score': 0.6872446871987883, 'support': 50702.0}, 'Anomaly': {'precision': 0.26631318487097916, 'recall': 0.5368391050306399, 'f1-score': 0.35601549948020034, 'support': 14034.0}, 'accuracy': 0.578966880869995, 'macro avg': {'precision': 0.5439835693328171, 'recall': 0.56373334684296, 'f1-score': 0.5216300933394943, 'support': 64736.0}, 'weighted avg': {'precision': 0.7012626359641609, 'recall': 0.578966880869995, 'f1-score': 0.6154381124885395, 'support': 64736.0}}"
0.564,15143.869140625,0.5644729626372087,0.5801254325259516,0.5722991975815801,"{'Normal': {'precision': 0.8220202075518195, 'recall': 0.5921068202437774, 'f1-score': 0.6883734794721575, 'support': 50702.0}, 'Anomaly': {'precision': 0.26702108807371966, 'recall': 0.5368391050306399, 'f1-score': 0.3566474946152572, 'support': 14034.0}, 'accuracy': 0.5801254325259516, 'macro avg': {'precision': 0.5445206478127695, 'recall': 0.5644729626372087, 'f1-score': 0.5225104870437074, 'support': 64736.0}, 'weighted avg': {'precision': 0.7017029552848327, 'recall': 0.5801254325259516, 'f1-score': 0.6164592050115523, 'support': 64736.0}}"
0.565,15144.802734375,0.5637969978598946,0.580156327236777,0.5719766625483358,"{'Normal': {'precision': 0.8215545288022528, 'recall': 0.5926787897913297, 'f1-score': 0.688596340471362, 'support': 50702.0}, 'Anomaly': {'precision': 0.2665932739088746, 'recall': 0.5349152059284594, 'f1-score': 0.35584101628232173, 'support': 14034.0}, 'accuracy': 0.580156327236777, 'macro avg': {'precision': 0.5440739013555637, 'recall': 0.5637969978598946, 'f1-score': 0.5222186783768419, 'support': 64736.0}, 'weighted avg': {'precision': 0.7012454851298963, 'recall': 0.580156327236777, 'f1-score': 0.6164589174043053, 'support': 64736.0}}"
0.566,15145.19728515625,0.5616532890614236,0.5792603806228374,0.5704568348421305,"{'Normal': {'precision': 0.8202014137168745, 'recall': 0.5927379590548696, 'f1-score': 0.6881604707875846, 'support': 50702.0}, 'Anomaly': {'precision': 0.26502936465563265, 'recall': 0.5305686190679778, 'f1-score': 0.35348572242398346, 'support': 14034.0}, 'accuracy': 0.5792603806228374, 'macro avg': {'precision': 0.5426153891862535, 'recall': 0.5616532890614236, 'f1-score': 0.5208230966057841, 'support': 64736.0}, 'weighted avg': {'precision': 0.6998466723592763, 'recall': 0.5792603806228374, 'f1-score': 0.6156069392358239, 'support': 64736.0}}"
0.567,15145.659638671876,0.5608287701101222,0.5792603806228374,0.5700445753664798,"{'Normal': {'precision': 0.8196431003950415, 'recall': 0.5933690978659619, 'f1-score': 0.6883888018122118, 'support': 50702.0}, 'Anomaly': {'precision': 0.26449288287966893, 'recall': 0.5282884423542824, 'f1-score': 0.3525020801141091, 'support': 14034.0}, 'accuracy': 0.5792603806228374, 'macro avg': {'precision': 0.5420679916373552, 'recall': 0.5608287701101222, 'f1-score': 0.5204454409631605, 'support': 64736.0}, 'weighted avg': {'precision': 0.699293091858667, 'recall': 0.5792603806228374, 'f1-score': 0.6155725287599507, 'support': 64736.0}}"
0.568,15147.2251953125,0.5604235164484173,0.5795538803756797,0.5699886984120485,"{'Normal': {'precision': 0.8193364155561599, 'recall': 0.5941974675555205, 'f1-score': 0.6888375708798244, 'support': 50702.0}, 'Anomaly': {'precision': 0.26428520346134593, 'recall': 0.5266495653413139, 'f1-score': 0.35195238095238096, 'support': 14034.0}, 'accuracy': 0.5795538803756797, 'macro avg': {'precision': 0.5418108095087529, 'recall': 0.5604235164484173, 'f1-score': 0.5203949759161027, 'support': 64736.0}, 'weighted avg': {'precision': 0.6990078702252989, 'recall': 0.5795538803756797, 'f1-score': 0.6158048417114831, 'support': 64736.0}}"
0.569,15149.234794921875,0.5587900515496925,0.5790132229362334,0.5689016372429629,"{'Normal': {'precision': 0.8182978145785259, 'recall': 0.59449331387322, 'f1-score': 0.6886687914824589, 'support': 50702.0}, 'Anomaly': {'precision': 0.26310884914519195, 'recall': 0.523086789226165, 'f1-score': 0.350113270537737, 'support': 14034.0}, 'accuracy': 0.5790132229362334, 'macro avg': {'precision': 0.5407033318618589, 'recall': 0.5587900515496925, 'f1-score': 0.519391031010098, 'support': 64736.0}, 'weighted avg': {'precision': 0.6979394059513107, 'recall': 0.5790132229362334, 'f1-score': 0.6152739542830917, 'support': 64736.0}}"
0.57,15150.19892578125,0.557738086073017,0.5788587493821058,0.5682984177275614,"{'Normal': {'precision': 0.8176102333396569, 'recall': 0.5950258372450791, 'f1-score': 0.6887820915286356, 'support': 50702.0}, 'Anomaly': {'precision': 0.2623845960412401, 'recall': 0.5204503349009548, 'f1-score': 0.34888108714862315, 'support': 14034.0}, 'accuracy': 0.5788587493821058, 'macro avg': {'precision': 0.5399974146904485, 'recall': 0.557738086073017, 'f1-score': 0.5188315893386294, 'support': 64736.0}, 'weighted avg': {'precision': 0.6972438746853381, 'recall': 0.5788587493821058, 'f1-score': 0.6150955694162237, 'support': 64736.0}}"
0.571,15150.985043945313,0.558060661292509,0.5796465645081562,0.5688536129003325,"{'Normal': {'precision': 0.8177415864083973, 'recall': 0.5961697763401839, 'f1-score': 0.6895945976775488, 'support': 50702.0}, 'Anomaly': {'precision': 0.26274665130347113, 'recall': 0.519951546244834, 'f1-score': 0.3490886475625508, 'support': 14034.0}, 'accuracy': 0.5796465645081562, 'macro avg': {'precision': 0.5402441188559343, 'recall': 0.558060661292509, 'f1-score': 0.5193416226200498, 'support': 64736.0}, 'weighted avg': {'precision': 0.6974252412640799, 'recall': 0.5796465645081562, 'f1-score': 0.6157769304767041, 'support': 64736.0}}"
0.572,15151.35490234375,0.5586106830373749,0.5805888531883342,0.5695997681128546,"{'Normal': {'precision': 0.8180075076291555, 'recall': 0.5974123308745217, 'f1-score': 0.690519884647388, 'support': 50702.0}, 'Anomaly': {'precision': 0.2632908651243368, 'recall': 0.519809035200228, 'f1-score': 0.3495364270142067, 'support': 14034.0}, 'accuracy': 0.5805888531883342, 'macro avg': {'precision': 0.5406491863767462, 'recall': 0.5586106830373749, 'f1-score': 0.5200281558307973, 'support': 64736.0}, 'weighted avg': {'precision': 0.6977514930327543, 'recall': 0.5805888531883342, 'f1-score': 0.6165986994579405, 'support': 64736.0}}"
0.573,15152.11974609375,0.5592516833923904,0.5815929312901631,0.5704223073412767,"{'Normal': {'precision': 0.818326413975306, 'recall': 0.5986943315845529, 'f1-score': 0.6914893617021277, 'support': 50702.0}, 'Anomaly': {'precision': 0.2639099920410969, 'recall': 0.519809035200228, 'f1-score': 0.3500815817256934, 'support': 14034.0}, 'accuracy': 0.5815929312901631, 'macro avg': {'precision': 0.5411182030082015, 'recall': 0.5592516833923904, 'f1-score': 0.5207854717139105, 'support': 64736.0}, 'weighted avg': {'precision': 0.698135483651766, 'recall': 0.5815929312901631, 'f1-score': 0.6174761884416655, 'support': 64736.0}}"
0.574,15152.605166015624,0.5598828222034827,0.5825815620365793,0.571232192120031,"{'Normal': {'precision': 0.8186393239679207, 'recall': 0.5999566092067374, 'f1-score': 0.6924425221944002, 'support': 50702.0}, 'Anomaly': {'precision': 0.2645224454275147, 'recall': 0.519809035200228, 'f1-score': 0.3506200134576564, 'support': 14034.0}, 'accuracy': 0.5825815620365793, 'macro avg': {'precision': 0.5415808846977177, 'recall': 0.5598828222034827, 'f1-score': 0.5215312678260283, 'support': 64736.0}, 'weighted avg': {'precision': 0.6985133311133103, 'recall': 0.5825815620365793, 'f1-score': 0.6183394406383655, 'support': 64736.0}}"
0.575,15153.189208984375,0.5605238225584983,0.5835856401384083,0.5720547313484533,"{'Normal': {'precision': 0.8189560218144696, 'recall': 0.6012386099167686, 'f1-score': 0.6934091555302815, 'support': 50702.0}, 'Anomaly': {'precision': 0.2651473848726057, 'recall': 0.519809035200228, 'f1-score': 0.3511685560930994, 'support': 14034.0}, 'accuracy': 0.5835856401384083, 'macro avg': {'precision': 0.5420517033435377, 'recall': 0.5605238225584983, 'f1-score': 0.5222888558116905, 'support': 64736.0}, 'weighted avg': {'precision': 0.6988968520968145, 'recall': 0.5835856401384083, 'f1-score': 0.6192154368497728, 'support': 64736.0}}"
0.576,15154.4389453125,0.5610738443033643,0.5845279288185863,0.5728008865609753,"{'Normal': {'precision': 0.819217978974469, 'recall': 0.6024811644511064, 'f1-score': 0.6943289010114786, 'support': 50702.0}, 'Anomaly': {'precision': 0.26570241911979015, 'recall': 0.5196665241556221, 'f1-score': 0.3516223904344053, 'support': 14034.0}, 'accuracy': 0.5845279288185863, 'macro avg': {'precision': 0.5424601990471296, 'recall': 0.5610738443033643, 'f1-score': 0.522975645722942, 'support': 64736.0}, 'weighted avg': {'precision': 0.6992223449068627, 'recall': 0.5845279288185863, 'f1-score': 0.6200341783001797, 'support': 64736.0}}"
0.577,15155.698334960938,0.561669355353305,0.5855011122095897,0.5735852337814473,"{'Normal': {'precision': 0.8195057960538645, 'recall': 0.603743442073291, 'f1-score': 0.6952700017034807, 'support': 50702.0}, 'Anomaly': {'precision': 0.26629660738414346, 'recall': 0.5195952686333191, 'f1-score': 0.3521259386242364, 'support': 14034.0}, 'accuracy': 0.5855011122095897, 'macro avg': {'precision': 0.542901201719004, 'recall': 0.561669355353305, 'f1-score': 0.5236979701638586, 'support': 64736.0}, 'weighted avg': {'precision': 0.6995765796396457, 'recall': 0.5855011122095897, 'f1-score': 0.6208804227790166, 'support': 64736.0}}"
0.578,15155.8069140625,0.5623004941643973,0.586489742956006,0.5743951185602016,"{'Normal': {'precision': 0.8198145228104872, 'recall': 0.6050057196954756, 'f1-score': 0.6962176148163279, 'support': 50702.0}, 'Anomaly': {'precision': 0.2669204582891028, 'recall': 0.5195952686333191, 'f1-score': 0.3526709065847701, 'support': 14034.0}, 'accuracy': 0.586489742956006, 'macro avg': {'precision': 0.5433674905497949, 'recall': 0.5623004941643973, 'f1-score': 0.5244442607005491, 'support': 64736.0}, 'weighted avg': {'precision': 0.6999536215887079, 'recall': 0.586489742956006, 'f1-score': 0.6217407471797474, 'support': 64736.0}}"
0.579,15156.2626953125,0.5630006637829528,0.5875865051903114,0.575293584486632,"{'Normal': {'precision': 0.8201557831839522, 'recall': 0.6064060589325865, 'f1-score': 0.6972672638621159, 'support': 50702.0}, 'Anomaly': {'precision': 0.2676159718144451, 'recall': 0.5195952686333191, 'f1-score': 0.3532774574875248, 'support': 14034.0}, 'accuracy': 0.5875865051903114, 'macro avg': {'precision': 0.5438858774991986, 'recall': 0.5630006637829528, 'f1-score': 0.5252723606748204, 'support': 64736.0}, 'weighted avg': {'precision': 0.7003716798603045, 'recall': 0.5875865051903114, 'f1-score': 0.6226943377829481, 'support': 64736.0}}"
0.58,15156.50390625,0.5635923564183518,0.5885133465150766,0.5760528514667143,"{'Normal': {'precision': 0.82044316608075, 'recall': 0.6075894442033845, 'f1-score': 0.6981529745042493, 'support': 50702.0}, 'Anomaly': {'precision': 0.2682065617184052, 'recall': 0.5195952686333191, 'f1-score': 0.35379166464509243, 'support': 14034.0}, 'accuracy': 0.5885133465150766, 'macro avg': {'precision': 0.5443248638995776, 'recall': 0.5635923564183518, 'f1-score': 0.5259723195746708, 'support': 64736.0}, 'weighted avg': {'precision': 0.7007247944541257, 'recall': 0.5885133465150766, 'f1-score': 0.6234995108586208, 'support': 64736.0}}"
0.581,15157.7724609375,0.5643615568443705,0.5897182402372714,0.5770398985408209,"{'Normal': {'precision': 0.820815393610801, 'recall': 0.6091278450554218, 'f1-score': 0.699302599402228, 'support': 50702.0}, 'Anomaly': {'precision': 0.26897823681298416, 'recall': 0.5195952686333191, 'f1-score': 0.3544623760451099, 'support': 14034.0}, 'accuracy': 0.5897182402372714, 'macro avg': {'precision': 0.5448968152118926, 'recall': 0.5643615568443705, 'f1-score': 0.526882487723669, 'support': 64736.0}, 'weighted avg': {'precision': 0.701183617497038, 'recall': 0.5897182402372714, 'f1-score': 0.6245453129681914, 'support': 64736.0}}"
0.582,15157.7744140625,0.5661760809262607,0.592560553633218,0.5793683172797394,"{'Normal': {'precision': 0.8216873842898704, 'recall': 0.6127568932192023, 'f1-score': 0.7020065075921909, 'support': 50702.0}, 'Anomaly': {'precision': 0.2708163113719082, 'recall': 0.5195952686333191, 'f1-score': 0.3560546875, 'support': 14034.0}, 'accuracy': 0.592560553633218, 'macro avg': {'precision': 0.5462518478308893, 'recall': 0.5661760809262607, 'f1-score': 0.5290305975460954, 'support': 64736.0}, 'weighted avg': {'precision': 0.7022650437478122, 'recall': 0.592560553633218, 'f1-score': 0.6270082401185471, 'support': 64736.0}}"
0.583,15157.7744140625,0.5661760809262607,0.592560553633218,0.5793683172797394,"{'Normal': {'precision': 0.8216873842898704, 'recall': 0.6127568932192023, 'f1-score': 0.7020065075921909, 'support': 50702.0}, 'Anomaly': {'precision': 0.2708163113719082, 'recall': 0.5195952686333191, 'f1-score': 0.3560546875, 'support': 14034.0}, 'accuracy': 0.592560553633218, 'macro avg': {'precision': 0.5462518478308893, 'recall': 0.5661760809262607, 'f1-score': 0.5290305975460954, 'support': 64736.0}, 'weighted avg': {'precision': 0.7022650437478122, 'recall': 0.592560553633218, 'f1-score': 0.6270082401185471, 'support': 64736.0}}"
0.584,15157.7744140625,0.5661760809262607,0.592560553633218,0.5793683172797394,"{'Normal': {'precision': 0.8216873842898704, 'recall': 0.6127568932192023, 'f1-score': 0.7020065075921909, 'support': 50702.0}, 'Anomaly': {'precision': 0.2708163113719082, 'recall': 0.5195952686333191, 'f1-score': 0.3560546875, 'support': 14034.0}, 'accuracy': 0.592560553633218, 'macro avg': {'precision': 0.5462518478308893, 'recall': 0.5661760809262607, 'f1-score': 0.5290305975460954, 'support': 64736.0}, 'weighted avg': {'precision': 0.7022650437478122, 'recall': 0.592560553633218, 'f1-score': 0.6270082401185471, 'support': 64736.0}}"
0.585,15157.921875,0.5672449460845208,0.5942752100840336,0.5807600780842772,"{'Normal': {'precision': 0.8221923371041321, 'recall': 0.6149658790580254, 'f1-score': 0.703638928067701, 'support': 50702.0}, 'Anomaly': {'precision': 0.27192033714989, 'recall': 0.5195240131110161, 'f1-score': 0.3569907214728132, 'support': 14034.0}, 'accuracy': 0.5942752100840336, 'macro avg': {'precision': 0.5470563371270111, 'recall': 0.5672449460845208, 'f1-score': 0.5303148247702572, 'support': 64736.0}, 'weighted avg': {'precision': 0.7028998685030782, 'recall': 0.5942752100840336, 'f1-score': 0.6284896922274784, 'support': 64736.0}}"
0.586,15157.9228515625,0.5674520385069104,0.5945996045477014,0.5810258215273059,"{'Normal': {'precision': 0.8222907442546912, 'recall': 0.6153800639028046, 'f1-score': 0.7039460325338989, 'support': 50702.0}, 'Anomaly': {'precision': 0.2721334726784115, 'recall': 0.5195240131110161, 'f1-score': 0.35717434967912604, 'support': 14034.0}, 'accuracy': 0.5945996045477014, 'macro avg': {'precision': 0.5472121084665513, 'recall': 0.5674520385069104, 'f1-score': 0.5305601911065124, 'support': 64736.0}, 'weighted avg': {'precision': 0.7030231474105625, 'recall': 0.5945996045477014, 'f1-score': 0.6287700284992987, 'support': 64736.0}}"
0.587,15159.319013671875,0.5667305844245216,0.5945996045477016,0.5806650944861116,"{'Normal': {'precision': 0.8218157894736842, 'recall': 0.6159323103625104, 'f1-score': 0.7041329395053099, 'support': 50702.0}, 'Anomaly': {'precision': 0.27165619389587076, 'recall': 0.5175288584865327, 'f1-score': 0.3562913907284768, 'support': 14034.0}, 'accuracy': 0.5945996045477014, 'macro avg': {'precision': 0.5467359916847775, 'recall': 0.5667305844245216, 'f1-score': 0.5302121651168934, 'support': 64736.0}, 'weighted avg': {'precision': 0.7025476888134792, 'recall': 0.5945996045477016, 'f1-score': 0.6287250011783501, 'support': 64736.0}}"
0.588,15161.606796875,0.5670986489490882,0.5954183143845773,0.5812584816668327,"{'Normal': {'precision': 0.8219624326809405, 'recall': 0.6170959725454617, 'f1-score': 0.7049466581049264, 'support': 50702.0}, 'Anomaly': {'precision': 0.2720932848412133, 'recall': 0.5171013253527148, 'f1-score': 0.3565655324898661, 'support': 14034.0}, 'accuracy': 0.5954183143845774, 'macro avg': {'precision': 0.5470278587610768, 'recall': 0.5670986489490882, 'f1-score': 0.5307560952973962, 'support': 64736.0}, 'weighted avg': {'precision': 0.7027572976589631, 'recall': 0.5954183143845773, 'f1-score': 0.6294217458940737, 'support': 64736.0}}"
0.589,15162.5888671875,0.5665053949377026,0.5956191300049432,0.5810622624713229,"{'Normal': {'precision': 0.8215503225468086, 'recall': 0.6179046191471737, 'f1-score': 0.70532216668918, 'support': 50702.0}, 'Anomaly': {'precision': 0.27174648522667466, 'recall': 0.5151061707282314, 'f1-score': 0.35579289300127964, 'support': 14034.0}, 'accuracy': 0.5956191300049432, 'macro avg': {'precision': 0.5466484038867416, 'recall': 0.5665053949377026, 'f1-score': 0.5305575298452299, 'support': 64736.0}, 'weighted avg': {'precision': 0.7023593460738915, 'recall': 0.5956191300049432, 'f1-score': 0.6295483495405149, 'support': 64736.0}}"
0.59,15163.073486328125,0.5664147479969794,0.5960825506673257,0.5812486493321526,"{'Normal': {'precision': 0.821437922186731, 'recall': 0.6187921581002722, 'f1-score': 0.7058585313174947, 'support': 50702.0}, 'Anomaly': {'precision': 0.27179564463868583, 'recall': 0.5140373378936868, 'f1-score': 0.3555796529968454, 'support': 14034.0}, 'accuracy': 0.5960825506673257, 'macro avg': {'precision': 0.5466167834127084, 'recall': 0.5664147479969794, 'f1-score': 0.5307190921571701, 'support': 64736.0}, 'weighted avg': {'precision': 0.7022819699637134, 'recall': 0.5960825506673257, 'f1-score': 0.6299222087403816, 'support': 64736.0}}"
0.591,15164.143857421876,0.5670557483519951,0.5970866287691547,0.5820711885605749,"{'Normal': {'precision': 0.8217412896311979, 'recall': 0.6200741588103034, 'f1-score': 0.7068041051696811, 'support': 50702.0}, 'Anomaly': {'precision': 0.2724628923216377, 'recall': 0.5140373378936868, 'f1-score': 0.3561501814322036, 'support': 14034.0}, 'accuracy': 0.5970866287691547, 'macro avg': {'precision': 0.5471020909764177, 'recall': 0.5670557483519951, 'f1-score': 0.5314771433009423, 'support': 64736.0}, 'weighted avg': {'precision': 0.7026642223449527, 'recall': 0.5970866287691547, 'f1-score': 0.6307864771770377, 'support': 64736.0}}"
0.592,15164.2471875,0.5676967487070106,0.5980907068709836,0.5828937277889972,"{'Normal': {'precision': 0.8220436280137773, 'recall': 0.6213561595203345, 'f1-score': 0.7077482982499494, 'support': 50702.0}, 'Anomaly': {'precision': 0.2731334242011207, 'recall': 0.5140373378936868, 'f1-score': 0.3567225436384315, 'support': 14034.0}, 'accuracy': 0.5980907068709836, 'macro avg': {'precision': 0.547588526107449, 'recall': 0.5676967487070106, 'f1-score': 0.5322354209441904, 'support': 64736.0}, 'weighted avg': {'precision': 0.7030463807277723, 'recall': 0.5980907068709836, 'f1-score': 0.6316500617166753, 'support': 64736.0}}"
0.593,15164.26953125,0.5683377490620263,0.5990947849728127,0.5837162670174194,"{'Normal': {'precision': 0.8223449425616713, 'recall': 0.6226381602303657, 'f1-score': 0.7086911135804963, 'support': 50702.0}, 'Anomaly': {'precision': 0.2738072645842031, 'recall': 0.5140373378936868, 'f1-score': 0.3572967484708155, 'support': 14034.0}, 'accuracy': 0.5990947849728127, 'macro avg': {'precision': 0.5480761035729372, 'recall': 0.5683377490620263, 'f1-score': 0.532993931025656, 'support': 64736.0}, 'weighted avg': {'precision': 0.7034284544756637, 'recall': 0.5990947849728127, 'f1-score': 0.6325129666460355, 'support': 64736.0}}"
0.594,15164.279296875,0.5689886109609651,0.6001143104300544,0.5845514606955098,"{'Normal': {'precision': 0.8226498504745807, 'recall': 0.6239398840282434, 'f1-score': 0.7096470271543457, 'support': 50702.0}, 'Anomaly': {'precision': 0.2744948822343138, 'recall': 0.5140373378936868, 'f1-score': 0.35788168175617013, 'support': 14034.0}, 'accuracy': 0.6001143104300544, 'macro avg': {'precision': 0.5485723663544473, 'recall': 0.5689886109609651, 'f1-score': 0.5337643544552579, 'support': 64736.0}, 'weighted avg': {'precision': 0.703816329338213, 'recall': 0.6001143104300544, 'f1-score': 0.6333884560761514, 'support': 64736.0}}"
0.595,15165.77236328125,0.5696098882281341,0.6010874938210579,0.585348691024596,"{'Normal': {'precision': 0.8229399241912871, 'recall': 0.6251824385625814, 'f1-score': 0.7105581708137189, 'support': 50702.0}, 'Anomaly': {'precision': 0.27515447402547866, 'recall': 0.5140373378936868, 'f1-score': 0.3584418165556991, 'support': 14034.0}, 'accuracy': 0.6010874938210579, 'macro avg': {'precision': 0.549047199108383, 'recall': 0.5696098882281341, 'f1-score': 0.534499993684709, 'support': 64736.0}, 'weighted avg': {'precision': 0.7041865102079247, 'recall': 0.6010874938210579, 'f1-score': 0.6342235051615771, 'support': 64736.0}}"
0.596,15169.935429687499,0.5702508885831497,0.6020915719228868,0.5861712302530182,"{'Normal': {'precision': 0.8232382137210689, 'recall': 0.6264644392726125, 'f1-score': 0.7114968919751358, 'support': 50702.0}, 'Anomaly': {'precision': 0.27583833594616297, 'recall': 0.5140373378936868, 'f1-score': 0.3590215741408913, 'support': 14034.0}, 'accuracy': 0.6020915719228868, 'macro avg': {'precision': 0.549538274833616, 'recall': 0.5702508885831497, 'f1-score': 0.5352592330580135, 'support': 64736.0}, 'weighted avg': {'precision': 0.7045683872768488, 'recall': 0.6020915719228868, 'f1-score': 0.6350844072605134, 'support': 64736.0}}"
0.597,15180.871645507812,0.5692444124115489,0.6019679930795848,0.5856062027455669,"{'Normal': {'precision': 0.822599425569902, 'recall': 0.6270166857323183, 'f1-score': 0.7116140079911358, 'support': 50702.0}, 'Anomaly': {'precision': 0.2751351144160374, 'recall': 0.5114721390907795, 'f1-score': 0.3577997657204097, 'support': 14034.0}, 'accuracy': 0.6019679930795848, 'macro avg': {'precision': 0.5488672699929696, 'recall': 0.5692444124115489, 'f1-score': 0.5347068868557727, 'support': 64736.0}, 'weighted avg': {'precision': 0.7039156307303485, 'recall': 0.6019679930795848, 'f1-score': 0.6349112602769216, 'support': 64736.0}}"
0.598,15181.251455078125,0.5698854127665645,0.6029720711814137,0.5864287419739891,"{'Normal': {'precision': 0.822897292829097, 'recall': 0.6282986864423494, 'f1-score': 0.7125506072874493, 'support': 50702.0}, 'Anomaly': {'precision': 0.27582231786043654, 'recall': 0.5114721390907795, 'f1-score': 0.3583803484946827, 'support': 14034.0}, 'accuracy': 0.6029720711814137, 'macro avg': {'precision': 0.5493598053447668, 'recall': 0.5698854127665645, 'f1-score': 0.535465477891066, 'support': 64736.0}, 'weighted avg': {'precision': 0.7042979014748246, 'recall': 0.6029720711814137, 'f1-score': 0.6357706793972848, 'support': 64736.0}}"
0.599,15182.095678710937,0.57052641312158,0.6039761492832427,0.5872512812024113,"{'Normal': {'precision': 0.8231941614874797, 'recall': 0.6295806871523806, 'f1-score': 0.7134858458409236, 'support': 50702.0}, 'Anomaly': {'precision': 0.27651296274895026, 'recall': 0.5114721390907795, 'f1-score': 0.3589628184932363, 'support': 14034.0}, 'accuracy': 0.6039761492832427, 'macro avg': {'precision': 0.549853562118215, 'recall': 0.57052641312158, 'f1-score': 0.5362243321670799, 'support': 64736.0}, 'weighted avg': {'precision': 0.7046801361677731, 'recall': 0.6039761492832427, 'f1-score': 0.6366294418957086, 'support': 64736.0}}"
0.6,15183.9345703125,0.5708944776461469,0.6047948591201187,0.5878446683831328,"{'Normal': {'precision': 0.823335564595026, 'recall': 0.630744349335332, 'f1-score': 0.7142857142857143, 'support': 50702.0}, 'Anomaly': {'precision': 0.27697536108751064, 'recall': 0.5110446059569617, 'f1-score': 0.3592466439591264, 'support': 14034.0}, 'accuracy': 0.6047948591201187, 'macro avg': {'precision': 0.5501554628412684, 'recall': 0.5708944776461469, 'f1-score': 0.5367661791224203, 'support': 64736.0}, 'weighted avg': {'precision': 0.7048911272491215, 'recall': 0.6047948591201187, 'f1-score': 0.6373174383192763, 'support': 64736.0}}"
0.601,15184.193100585937,0.5715256164572391,0.6057834898665349,0.588654553161887,"{'Normal': {'precision': 0.8236261759111705, 'recall': 0.6320066269575164, 'f1-score': 0.715203999642889, 'support': 50702.0}, 'Anomaly': {'precision': 0.2776616337591947, 'recall': 0.5110446059569617, 'f1-score': 0.3598233995584989, 'support': 14034.0}, 'accuracy': 0.6057834898665349, 'macro avg': {'precision': 0.5506439048351826, 'recall': 0.5715256164572391, 'f1-score': 0.537513699600694, 'support': 64736.0}, 'weighted avg': {'precision': 0.7052675132727494, 'recall': 0.6057834898665349, 'f1-score': 0.6381616840598391, 'support': 64736.0}}"
0.602,15196.56640625,0.5721408505950265,0.6067875679683639,0.5894642092816952,"{'Normal': {'precision': 0.8239037282221024, 'recall': 0.6333083507553943, 'f1-score': 0.7161416225257876, 'support': 50702.0}, 'Anomaly': {'precision': 0.2783449132476808, 'recall': 0.5109733504346586, 'f1-score': 0.36037892303439956, 'support': 14034.0}, 'accuracy': 0.6067875679683639, 'macro avg': {'precision': 0.5511243207348916, 'recall': 0.5721408505950265, 'f1-score': 0.5382602727800936, 'support': 64736.0}, 'weighted avg': {'precision': 0.7056330224424585, 'recall': 0.6067875679683639, 'f1-score': 0.6390164723054753, 'support': 64736.0}}"
0.603,15197.196313476563,0.5727621278621954,0.6077607513593672,0.5902614396107813,"{'Normal': {'precision': 0.8241879290910954, 'recall': 0.6345509052897321, 'f1-score': 0.7170429472464285, 'support': 50702.0}, 'Anomaly': {'precision': 0.2790272373540856, 'recall': 0.5109733504346586, 'f1-score': 0.36095031962550966, 'support': 14034.0}, 'accuracy': 0.6077607513593672, 'macro avg': {'precision': 0.5516075832225905, 'recall': 0.5727621278621954, 'f1-score': 0.538996633435969, 'support': 64736.0}, 'weighted avg': {'precision': 0.7060035317258396, 'recall': 0.6077607513593672, 'f1-score': 0.6398462725054501, 'support': 64736.0}}"
0.604,15197.552734375,0.573403128217211,0.6087648294611961,0.5910839788392035,"{'Normal': {'precision': 0.824480192322447, 'recall': 0.6358329059997633, 'f1-score': 0.7179715599701569, 'support': 50702.0}, 'Anomaly': {'precision': 0.2797347376633509, 'recall': 0.5109733504346586, 'f1-score': 0.36154175804784594, 'support': 14034.0}, 'accuracy': 0.6087648294611963, 'macro avg': {'precision': 0.552107464992899, 'recall': 0.573403128217211, 'f1-score': 0.5397566590090015, 'support': 64736.0}, 'weighted avg': {'precision': 0.706385813450015, 'recall': 0.6087648294611961, 'f1-score': 0.6407017898240602, 'support': 64736.0}}"
0.605,15200.007202148438,0.5740342670283032,0.6097534602076125,0.5918938636179578,"{'Normal': {'precision': 0.8247670113621857, 'recall': 0.6370951836219478, 'f1-score': 0.7188845738702749, 'support': 50702.0}, 'Anomaly': {'precision': 0.28043486762347974, 'recall': 0.5109733504346586, 'f1-score': 0.36212599419265246, 'support': 14034.0}, 'accuracy': 0.6097534602076125, 'macro avg': {'precision': 0.5526009394928327, 'recall': 0.5740342670283032, 'f1-score': 0.5405052840314637, 'support': 64736.0}, 'weighted avg': {'precision': 0.7067622334143824, 'recall': 0.6097534602076125, 'f1-score': 0.6415435285910525, 'support': 64736.0}}"
0.606,15202.77513671875,0.5746752673833189,0.6107575383094415,0.5927164028463802,"{'Normal': {'precision': 0.825057354065766, 'recall': 0.638377184331979, 'f1-score': 0.7198105235066494, 'support': 50702.0}, 'Anomaly': {'precision': 0.28114953344311144, 'recall': 0.5109733504346586, 'f1-score': 0.3627212948912494, 'support': 14034.0}, 'accuracy': 0.6107575383094415, 'macro avg': {'precision': 0.5531034437544387, 'recall': 0.5746752673833189, 'f1-score': 0.5412659091989493, 'support': 64736.0}, 'weighted avg': {'precision': 0.707144564356511, 'recall': 0.6107575383094415, 'f1-score': 0.6423977974440487, 'support': 64736.0}}"
0.607,15203.0773046875,0.5753162677383343,0.6117616164112702,0.5935389420748023,"{'Normal': {'precision': 0.825346736225983, 'recall': 0.6396591850420101, 'f1-score': 0.7207351356156316, 'support': 50702.0}, 'Anomaly': {'precision': 0.28186785110648166, 'recall': 0.5109733504346586, 'f1-score': 0.36331855604813174, 'support': 14034.0}, 'accuracy': 0.6117616164112704, 'macro avg': {'precision': 0.5536072936662323, 'recall': 0.5753162677383343, 'f1-score': 0.5420268458318817, 'support': 64736.0}, 'weighted avg': {'precision': 0.7075269346663086, 'recall': 0.6117616164112702, 'f1-score': 0.6432514437339848, 'support': 64736.0}}"
0.608,15204.92453125,0.5759474065494267,0.6127502471576866,0.5943488268535566,"{'Normal': {'precision': 0.8256307324881221, 'recall': 0.6409214626641947, 'f1-score': 0.7216442189182887, 'support': 50702.0}, 'Anomaly': {'precision': 0.28257871300784176, 'recall': 0.5109733504346586, 'f1-score': 0.36390855344954454, 'support': 14034.0}, 'accuracy': 0.6127502471576866, 'macro avg': {'precision': 0.554104722747982, 'recall': 0.5759474065494267, 'f1-score': 0.5427763861839165, 'support': 64736.0}, 'weighted avg': {'precision': 0.7079034703559816, 'recall': 0.6127502471576866, 'f1-score': 0.6440913529829767, 'support': 64736.0}}"
0.609,15205.253754882813,0.5765884069044422,0.6137543252595156,0.5951713660819788,"{'Normal': {'precision': 0.8259182224025974, 'recall': 0.6422034633742258, 'f1-score': 0.7225661851186117, 'support': 50702.0}, 'Anomaly': {'precision': 0.2833043615676359, 'recall': 0.5109733504346586, 'f1-score': 0.3645097341534082, 'support': 14034.0}, 'accuracy': 0.6137543252595156, 'macro avg': {'precision': 0.5546112919851166, 'recall': 0.5765884069044422, 'f1-score': 0.5435379596360099, 'support': 64736.0}, 'weighted avg': {'precision': 0.7082859478882956, 'recall': 0.6137543252595156, 'f1-score': 0.6449437766774714, 'support': 64736.0}}"
0.61,15205.38359375,0.5772294072594578,0.6147584033613446,0.5959939053104012,"{'Normal': {'precision': 0.8262047658841702, 'recall': 0.643485464084257, 'f1-score': 0.7234868224102183, 'support': 50702.0}, 'Anomaly': {'precision': 0.2840337465837525, 'recall': 0.5109733504346586, 'f1-score': 0.36511290445762584, 'support': 14034.0}, 'accuracy': 0.6147584033613446, 'macro avg': {'precision': 0.5551192562339614, 'recall': 0.5772294072594578, 'f1-score': 0.5442998634339221, 'support': 64736.0}, 'weighted avg': {'precision': 0.7086684941827667, 'recall': 0.6147584033613446, 'f1-score': 0.6457955908768106, 'support': 64736.0}}"
0.611,15205.4794921875,0.5778802691583967,0.6157779288185863,0.5968290989884915,"{'Normal': {'precision': 0.8264947541398053, 'recall': 0.6447871878821348, 'f1-score': 0.7244202665721219, 'support': 50702.0}, 'Anomaly': {'precision': 0.28477820579007984, 'recall': 0.5109733504346586, 'f1-score': 0.365727400229504, 'support': 14034.0}, 'accuracy': 0.6157779288185863, 'macro avg': {'precision': 0.5556364799649426, 'recall': 0.5778802691583967, 'f1-score': 0.545073833400813, 'support': 64736.0}, 'weighted avg': {'precision': 0.7090570063713295, 'recall': 0.6157779288185863, 'f1-score': 0.6466598907958567, 'support': 64736.0}}"
0.612,15205.5517578125,0.5785114079694891,0.6167665595650025,0.5976389837672458,"{'Normal': {'precision': 0.826775032181529, 'recall': 0.6460494655043194, 'f1-score': 0.7253241217435591, 'support': 50702.0}, 'Anomaly': {'precision': 0.2855038420193494, 'recall': 0.5109733504346586, 'f1-score': 0.3663252535056576, 'support': 14034.0}, 'accuracy': 0.6167665595650025, 'macro avg': {'precision': 0.5561394371004392, 'recall': 0.5785114079694891, 'f1-score': 0.5458246876246083, 'support': 64736.0}, 'weighted avg': {'precision': 0.7094338328065903, 'recall': 0.6167665595650025, 'f1-score': 0.647497408371545, 'support': 64736.0}}"
0.613,15209.896484375,0.5792806083955078,0.6179714532871973,0.5986260308413525,"{'Normal': {'precision': 0.8271153991485503, 'recall': 0.6475878663563568, 'f1-score': 0.726423964866868, 'support': 50702.0}, 'Anomaly': {'precision': 0.2863932265665562, 'recall': 0.5109733504346586, 'f1-score': 0.36705653520333736, 'support': 14034.0}, 'accuracy': 0.6179714532871973, 'macro avg': {'precision': 0.5567543128575532, 'recall': 0.5792806083955078, 'f1-score': 0.5467402500351026, 'support': 64736.0}, 'weighted avg': {'precision': 0.7098932202988267, 'recall': 0.6179714532871973, 'f1-score': 0.6485173517320129, 'support': 64736.0}}"
0.614,15210.814453125,0.5807697015279285,0.620304003954523,0.6005368527412258,"{'Normal': {'precision': 0.8277705280064244, 'recall': 0.6505660526211984, 'f1-score': 0.7285477636664827, 'support': 50702.0}, 'Anomaly': {'precision': 0.28813082610093216, 'recall': 0.5109733504346586, 'f1-score': 0.3684805508452803, 'support': 14034.0}, 'accuracy': 0.620304003954523, 'macro avg': {'precision': 0.5579506770536783, 'recall': 0.5807697015279285, 'f1-score': 0.5485141572558815, 'support': 64736.0}, 'weighted avg': {'precision': 0.7107830160109091, 'recall': 0.620304003954523, 'f1-score': 0.6504894458103786, 'support': 64736.0}}"
0.615,15210.814453125,0.5807697015279285,0.620304003954523,0.6005368527412258,"{'Normal': {'precision': 0.8277705280064244, 'recall': 0.6505660526211984, 'f1-score': 0.7285477636664827, 'support': 50702.0}, 'Anomaly': {'precision': 0.28813082610093216, 'recall': 0.5109733504346586, 'f1-score': 0.3684805508452803, 'support': 14034.0}, 'accuracy': 0.620304003954523, 'macro avg': {'precision': 0.5579506770536783, 'recall': 0.5807697015279285, 'f1-score': 0.5485141572558815, 'support': 64736.0}, 'weighted avg': {'precision': 0.7107830160109091, 'recall': 0.620304003954523, 'f1-score': 0.6504894458103786, 'support': 64736.0}}"
0.616,15211.1015625,0.581065547845628,0.6207674246169056,0.6009164862312668,"{'Normal': {'precision': 0.8279000952906365, 'recall': 0.6511577452565974, 'f1-score': 0.7289688672996246, 'support': 50702.0}, 'Anomaly': {'precision': 0.2884785582106364, 'recall': 0.5109733504346586, 'f1-score': 0.36876478453152317, 'support': 14034.0}, 'accuracy': 0.6207674246169056, 'macro avg': {'precision': 0.5581893267506364, 'recall': 0.581065547845628, 'f1-score': 0.5488668259155739, 'support': 64736.0}, 'weighted avg': {'precision': 0.7109598788518586, 'recall': 0.6207674246169056, 'f1-score': 0.6508808776560332, 'support': 64736.0}}"
0.617,15211.1259765625,0.5817065482006436,0.6217715027187346,0.601739025459689,"{'Normal': {'precision': 0.8281801567233308, 'recall': 0.6524397459666286, 'f1-score': 0.729880302278118, 'support': 50702.0}, 'Anomaly': {'precision': 0.2892348646795466, 'recall': 0.5109733504346586, 'f1-score': 0.36938213099132045, 'support': 14034.0}, 'accuracy': 0.6217715027187346, 'macro avg': {'precision': 0.5587075107014388, 'recall': 0.5817065482006436, 'f1-score': 0.5496312166347193, 'support': 64736.0}, 'weighted avg': {'precision': 0.7113431845819803, 'recall': 0.6217715027187346, 'f1-score': 0.6517285577180754, 'support': 64736.0}}"
0.618,15211.162109375,0.5825447794341255,0.6230845279288186,0.602814653681472,"{'Normal': {'precision': 0.8285450184870591, 'recall': 0.6541162084335924, 'f1-score': 0.7310702083103714, 'support': 50702.0}, 'Anomaly': {'precision': 0.29022988505747127, 'recall': 0.5109733504346586, 'f1-score': 0.37019255588250477, 'support': 14034.0}, 'accuracy': 0.6230845279288186, 'macro avg': {'precision': 0.5593874517722652, 'recall': 0.5825447794341255, 'f1-score': 0.5506313820964381, 'support': 64736.0}, 'weighted avg': {'precision': 0.7118446572884858, 'recall': 0.6230845279288186, 'f1-score': 0.6528361967221875, 'support': 64736.0}}"
0.619,15211.6923828125,0.5834619030189939,0.6245211319822046,0.6039915175005992,"{'Normal': {'precision': 0.8289424490914982, 'recall': 0.6559504556033292, 'f1-score': 0.7323695539676073, 'support': 50702.0}, 'Anomaly': {'precision': 0.2913264269754215, 'recall': 0.5109733504346586, 'f1-score': 0.371083339801806, 'support': 14034.0}, 'accuracy': 0.6245211319822046, 'macro avg': {'precision': 0.5601344380334599, 'recall': 0.5834619030189939, 'f1-score': 0.5517264468847066, 'support': 64736.0}, 'weighted avg': {'precision': 0.712393646966297, 'recall': 0.6245211319822046, 'f1-score': 0.6540469710214436, 'support': 64736.0}}"
0.62,15212.76650390625,0.5836098261778437,0.6247528423133959,0.6041813342456198,"{'Normal': {'precision': 0.8290063783137334, 'recall': 0.6562463019210287, 'f1-score': 0.732578876681565, 'support': 50702.0}, 'Anomaly': {'precision': 0.2915040650406504, 'recall': 0.5109733504346586, 'f1-score': 0.3712274162654656, 'support': 14034.0}, 'accuracy': 0.6247528423133959, 'macro avg': {'precision': 0.5602552216771919, 'recall': 0.5836098261778437, 'f1-score': 0.5519031464735153, 'support': 64736.0}, 'weighted avg': {'precision': 0.7124822269223213, 'recall': 0.6247528423133959, 'f1-score': 0.6542421491191648, 'support': 64736.0}}"
0.621,15213.173828125,0.5843001342524758,0.6258341571922886,0.6050671457223822,"{'Normal': {'precision': 0.829304083967567, 'recall': 0.657626918070293, 'f1-score': 0.7335548026576318, 'support': 50702.0}, 'Anomaly': {'precision': 0.2923359152058704, 'recall': 0.5109733504346586, 'f1-score': 0.3719012550565294, 'support': 14034.0}, 'accuracy': 0.6258341571922886, 'macro avg': {'precision': 0.5608199995867187, 'recall': 0.5843001342524758, 'f1-score': 0.5527280288570806, 'support': 64736.0}, 'weighted avg': {'precision': 0.7128957287957669, 'recall': 0.6258341571922886, 'f1-score': 0.6551525861624226, 'support': 64736.0}}"
0.622,15213.1767578125,0.5850397500467246,0.6269927088482452,0.6060162294474849,"{'Normal': {'precision': 0.8296219061095802, 'recall': 0.6591061496587906, 'f1-score': 0.7345987711990152, 'support': 50702.0}, 'Anomaly': {'precision': 0.29323246779799633, 'recall': 0.5109733504346586, 'f1-score': 0.3726259450752163, 'support': 14034.0}, 'accuracy': 0.6269927088482452, 'macro avg': {'precision': 0.5614271869537882, 'recall': 0.5850397500467246, 'f1-score': 0.5536123581371157, 'support': 64736.0}, 'weighted avg': {'precision': 0.7133390128621635, 'recall': 0.6269927088482452, 'f1-score': 0.6561273388920856, 'support': 64736.0}}"
0.623,15213.177734375,0.5856117195942769,0.6278886554621849,0.6067501875282308,"{'Normal': {'precision': 0.8298668782071941, 'recall': 0.6602500887538953, 'f1-score': 0.7354049274502696, 'support': 50702.0}, 'Anomaly': {'precision': 0.29392958150592285, 'recall': 0.5109733504346586, 'f1-score': 0.37318831151934634, 'support': 14034.0}, 'accuracy': 0.6278886554621849, 'macro avg': {'precision': 0.5618982298565585, 'recall': 0.5856117195942769, 'f1-score': 0.554296619484808, 'support': 64736.0}, 'weighted avg': {'precision': 0.71368200391923, 'recall': 0.6278886554621849, 'f1-score': 0.6568806443933217, 'support': 64736.0}}"
0.624,15213.1787109375,0.586203412229676,0.62881549678695,0.6075094545083131,"{'Normal': {'precision': 0.8301195574147875, 'recall': 0.6614334740246933, 'f1-score': 0.736237801999978, 'support': 50702.0}, 'Anomaly': {'precision': 0.29465423018449277, 'recall': 0.5109733504346586, 'f1-score': 0.37377185895598236, 'support': 14034.0}, 'accuracy': 0.62881549678695, 'macro avg': {'precision': 0.5623868937996401, 'recall': 0.586203412229676, 'f1-score': 0.5550048304779802, 'support': 64736.0}, 'weighted avg': {'precision': 0.714037000532219, 'recall': 0.62881549678695, 'f1-score': 0.6576594677705008, 'support': 64736.0}}"
0.625,15218.739013671875,0.5868049664089983,0.629757785467128,0.6082813759380632,"{'Normal': {'precision': 0.8303756796836381, 'recall': 0.6626365823833379, 'f1-score': 0.7370834338869265, 'support': 50702.0}, 'Anomaly': {'precision': 0.2953946284396111, 'recall': 0.5109733504346586, 'f1-score': 0.3743670060036544, 'support': 14034.0}, 'accuracy': 0.629757785467128, 'macro avg': {'precision': 0.5628851540616246, 'recall': 0.5868049664089983, 'f1-score': 0.5557252199452904, 'support': 64736.0}, 'weighted avg': {'precision': 0.7143981081135894, 'recall': 0.629757785467128, 'f1-score': 0.6584507975035565, 'support': 64736.0}}"
0.626,15227.784501953125,0.5871275416284902,0.6305456005931784,0.6088365711108343,"{'Normal': {'precision': 0.8304750154225786, 'recall': 0.6637805214784427, 'f1-score': 0.7378298091573766, 'support': 50702.0}, 'Anomaly': {'precision': 0.295898558506464, 'recall': 0.5104745617785378, 'f1-score': 0.3746372074781017, 'support': 14034.0}, 'accuracy': 0.6305456005931784, 'macro avg': {'precision': 0.5631867869645213, 'recall': 0.5871275416284902, 'f1-score': 0.5562335083177392, 'support': 64736.0}, 'weighted avg': {'precision': 0.7145851551228883, 'recall': 0.6305456005931784, 'f1-score': 0.6590939439206158, 'support': 64736.0}}"
0.627,15228.055883789062,0.5877586804395825,0.6315342313395946,0.6096464558895885,"{'Normal': {'precision': 0.8307423193476065, 'recall': 0.6650427991006272, 'f1-score': 0.7387146597145392, 'support': 50702.0}, 'Anomaly': {'precision': 0.2966828177413343, 'recall': 0.5104745617785378, 'f1-score': 0.3752651842539483, 'support': 14034.0}, 'accuracy': 0.6315342313395946, 'macro avg': {'precision': 0.5637125685444704, 'recall': 0.5877586804395825, 'f1-score': 0.5569899219842438, 'support': 64736.0}, 'weighted avg': {'precision': 0.7149645288517088, 'recall': 0.6315342313395946, 'f1-score': 0.6599231072767312, 'support': 64736.0}}"
0.628,15229.13029296875,0.5883541914895233,0.6325074147305981,0.6104308031100607,"{'Normal': {'precision': 0.8309883406306883, 'recall': 0.6663050767228117, 'f1-score': 0.7395901747011691, 'support': 50702.0}, 'Anomaly': {'precision': 0.2974420729175318, 'recall': 0.5104033062562349, 'f1-score': 0.3758526603001364, 'support': 14034.0}, 'accuracy': 0.6325074147305981, 'macro avg': {'precision': 0.56421520677411, 'recall': 0.5883541914895233, 'f1-score': 0.5577214175006527, 'support': 64736.0}, 'weighted avg': {'precision': 0.7153218131794024, 'recall': 0.6325074147305981, 'f1-score': 0.660736178824005, 'support': 64736.0}}"
0.629,15232.651674804687,0.5887677453191649,0.6333570192782996,0.6110623822987322,"{'Normal': {'precision': 0.831135342223532, 'recall': 0.6674884619936097, 'f1-score': 0.7403769374651338, 'support': 50702.0}, 'Anomaly': {'precision': 0.29803888912020654, 'recall': 0.51004702864472, 'f1-score': 0.37623189929305406, 'support': 14034.0}, 'accuracy': 0.6333570192782996, 'macro avg': {'precision': 0.5645871156718693, 'recall': 0.5887677453191649, 'f1-score': 0.558304418379094, 'support': 64736.0}, 'weighted avg': {'precision': 0.715566329265486, 'recall': 0.6333570192782996, 'f1-score': 0.6614345952489485, 'support': 64736.0}}"
0.63,15242.730712890632,0.5892267884538812,0.6342375185368265,0.6117321534953539,"{'Normal': {'precision': 0.8313063946645743, 'recall': 0.6686915703522543, 'f1-score': 0.7411844435214131, 'support': 50702.0}, 'Anomaly': {'precision': 0.2986806947227789, 'recall': 0.5097620065555081, 'f1-score': 0.3766650871373664, 'support': 14034.0}, 'accuracy': 0.6342375185368265, 'macro avg': {'precision': 0.5649935446936767, 'recall': 0.5892267884538812, 'f1-score': 0.5589247653293897, 'support': 64736.0}, 'weighted avg': {'precision': 0.7158394354304055, 'recall': 0.6342375185368265, 'f1-score': 0.6621609535391203, 'support': 64736.0}}"
0.631,15279.723496093751,0.5879473764518316,0.6339285714285714,0.6109379739402014,"{'Normal': {'precision': 0.8305424990207599, 'recall': 0.6691254782848802, 'f1-score': 0.7411469142545057, 'support': 50702.0}, 'Anomaly': {'precision': 0.297722705961152, 'recall': 0.506769274618783, 'f1-score': 0.375085702230895, 'support': 14034.0}, 'accuracy': 0.6339285714285714, 'macro avg': {'precision': 0.564132602490956, 'recall': 0.5879473764518316, 'f1-score': 0.5581163082427003, 'support': 64736.0}, 'weighted avg': {'precision': 0.715033462691692, 'recall': 0.6339285714285714, 'f1-score': 0.6617891681852498, 'support': 64736.0}}"
0.632,15318.5651171875,0.5885883768068472,0.6349326495304004,0.6117605131686238,"{'Normal': {'precision': 0.8308117224354117, 'recall': 0.6704074789949115, 'f1-score': 0.742040058942313, 'support': 50702.0}, 'Anomaly': {'precision': 0.2985350291734878, 'recall': 0.506769274618783, 'f1-score': 0.37572971973479147, 'support': 14034.0}, 'accuracy': 0.6349326495304004, 'macro avg': {'precision': 0.5646733758044498, 'recall': 0.5885883768068472, 'f1-score': 0.5588848893385522, 'support': 64736.0}, 'weighted avg': {'precision': 0.7154204237262262, 'recall': 0.6349326495304004, 'f1-score': 0.662628305042808, 'support': 64736.0}}"
0.633,15318.92779296875,0.5892293771618629,0.6359367276322294,0.6125830523970461,"{'Normal': {'precision': 0.8310800917565523, 'recall': 0.6716894797049426, 'f1-score': 0.7429319371727748, 'support': 50702.0}, 'Anomaly': {'precision': 0.29935179728933414, 'recall': 0.506769274618783, 'f1-score': 0.3763759525825571, 'support': 14034.0}, 'accuracy': 0.6359367276322294, 'macro avg': {'precision': 0.5652159445229432, 'recall': 0.5892293771618629, 'f1-score': 0.559653944877666, 'support': 64736.0}, 'weighted avg': {'precision': 0.7158076794272001, 'recall': 0.6359367276322294, 'f1-score': 0.6634669302563897, 'support': 64736.0}}"
0.634,15319.33005859375,0.5898605159729551,0.6369253583786456,0.6133929371758003,"{'Normal': {'precision': 0.8313435017786658, 'recall': 0.6729517573271271, 'f1-score': 0.7438088594349495, 'support': 50702.0}, 'Anomaly': {'precision': 0.3001603781548071, 'recall': 0.506769274618783, 'f1-score': 0.37701441899915183, 'support': 14034.0}, 'accuracy': 0.6369253583786456, 'macro avg': {'precision': 0.5657519399667365, 'recall': 0.5898605159729551, 'f1-score': 0.5604116392170506, 'support': 64736.0}, 'weighted avg': {'precision': 0.7161892760474309, 'recall': 0.6369253583786456, 'f1-score': 0.6642921581083926, 'support': 64736.0}}"
0.635,15353.354565429687,0.5903650484127462,0.637836752347998,0.6141009003803721,"{'Normal': {'precision': 0.8315372077748315, 'recall': 0.6741745887736184, 'f1-score': 0.7446328791294972, 'support': 50702.0}, 'Anomaly': {'precision': 0.30085911380083796, 'recall': 0.506555508051874, 'f1-score': 0.37750577489844145, 'support': 14034.0}, 'accuracy': 0.637836752347998, 'macro avg': {'precision': 0.5661981607878348, 'recall': 0.5903650484127462, 'f1-score': 0.5610693270139693, 'support': 64736.0}, 'weighted avg': {'precision': 0.7164924665051976, 'recall': 0.637836752347998, 'f1-score': 0.6650440602222641, 'support': 64736.0}}"
0.636,15354.3486328125,0.5902069643642619,0.6383156203657934,0.6142612923650277,"{'Normal': {'precision': 0.8313741681643756, 'recall': 0.6751410200781034, 'f1-score': 0.7451565153032348, 'support': 50702.0}, 'Anomaly': {'precision': 0.30095068330362446, 'recall': 0.5052729086504204, 'f1-score': 0.3772209809554208, 'support': 14034.0}, 'accuracy': 0.6383156203657934, 'macro avg': {'precision': 0.566162425734, 'recall': 0.5902069643642619, 'f1-score': 0.5611887481293278, 'support': 64736.0}, 'weighted avg': {'precision': 0.7163846231425055, 'recall': 0.6383156203657934, 'f1-score': 0.6653924382975932, 'support': 64736.0}}"
0.637,15354.3623046875,0.5908479647192775,0.6393196984676224,0.6150838315934499,"{'Normal': {'precision': 0.8316399524721744, 'recall': 0.6764230207881345, 'f1-score': 0.7460436584331256, 'support': 50702.0}, 'Anomaly': {'precision': 0.30178320636677025, 'recall': 0.5052729086504204, 'f1-score': 0.37787429058644856, 'support': 14034.0}, 'accuracy': 0.6393196984676224, 'macro avg': {'precision': 0.5667115794194724, 'recall': 0.5908479647192775, 'f1-score': 0.561958974509787, 'support': 64736.0}, 'weighted avg': {'precision': 0.7167732697169339, 'recall': 0.6393196984676224, 'f1-score': 0.6662288890874715, 'support': 64736.0}}"
0.638,15354.369140625,0.5916073036013729,0.6405091448344044,0.6160582242178887,"{'Normal': {'precision': 0.8319537225288024, 'recall': 0.6779416985523253, 'f1-score': 0.7470929600730292, 'support': 50702.0}, 'Anomaly': {'precision': 0.30277540563620836, 'recall': 0.5052729086504204, 'f1-score': 0.37865114540503014, 'support': 14034.0}, 'accuracy': 0.6405091448344044, 'macro avg': {'precision': 0.5673645640825054, 'recall': 0.5916073036013729, 'f1-score': 0.5628720527390296, 'support': 64736.0}, 'weighted avg': {'precision': 0.7172341152118433, 'recall': 0.6405091448344044, 'f1-score': 0.6672191274752366, 'support': 64736.0}}"
0.639,15354.3818359375,0.592139826973232,0.641343302026693,0.6167415644999625,"{'Normal': {'precision': 0.8321730722745951, 'recall': 0.6790067452960435, 'f1-score': 0.747827786949344, 'support': 50702.0}, 'Anomaly': {'precision': 0.30347513481126426, 'recall': 0.5052729086504204, 'f1-score': 0.37919786096256686, 'support': 14034.0}, 'accuracy': 0.641343302026693, 'macro avg': {'precision': 0.5678241035429297, 'recall': 0.592139826973232, 'f1-score': 0.5635128239559555, 'support': 64736.0}, 'weighted avg': {'precision': 0.7175576055426317, 'recall': 0.641343302026693, 'f1-score': 0.6679131740400134, 'support': 64736.0}}"
0.64,15354.4037109375,0.5927413811525544,0.642285590706871,0.6175134859297127,"{'Normal': {'precision': 0.8324201684728826, 'recall': 0.6802098536546882, 'f1-score': 0.7486568330565595, 'support': 50702.0}, 'Anomaly': {'precision': 0.30426947007080024, 'recall': 0.5052729086504204, 'f1-score': 0.3798173491523608, 'support': 14034.0}, 'accuracy': 0.642285590706871, 'macro avg': {'precision': 0.5683448192718414, 'recall': 0.5927413811525544, 'f1-score': 0.5642370911044602, 'support': 64736.0}, 'weighted avg': {'precision': 0.7179233367042405, 'recall': 0.642285590706871, 'f1-score': 0.6686967904664778, 'support': 64736.0}}"
0.641,15354.41015625,0.593540166210343,0.643536826495304,0.6185384963528235,"{'Normal': {'precision': 0.8327471574484486, 'recall': 0.6818074237702655, 'f1-score': 0.7497560023423775, 'support': 50702.0}, 'Anomaly': {'precision': 0.3053306923871857, 'recall': 0.5052729086504204, 'f1-score': 0.38064308336464653, 'support': 14034.0}, 'accuracy': 0.643536826495304, 'macro avg': {'precision': 0.5690389249178172, 'recall': 0.593540166210343, 'f1-score': 0.565199542853512, 'support': 64736.0}, 'weighted avg': {'precision': 0.7184094987937625, 'recall': 0.643536826495304, 'f1-score': 0.6697366822587536, 'support': 64736.0}}"
0.642,15354.4169921875,0.5942008896532052,0.6445717993079585,0.6193863444805818,"{'Normal': {'precision': 0.83301666706751, 'recall': 0.6831288706559899, 'f1-score': 0.7506637335962982, 'support': 50702.0}, 'Anomaly': {'precision': 0.3062141037267349, 'recall': 0.5052729086504204, 'f1-score': 0.38132881611142483, 'support': 14034.0}, 'accuracy': 0.6445717993079585, 'macro avg': {'precision': 0.5696153853971224, 'recall': 0.5942008896532052, 'f1-score': 0.5659962748538615, 'support': 64736.0}, 'weighted avg': {'precision': 0.7188120950531063, 'recall': 0.6445717993079585, 'f1-score': 0.6705962868590467, 'support': 64736.0}}"
0.643,15354.421875,0.5946742437615243,0.6453132723677706,0.6199937580646475,"{'Normal': {'precision': 0.8332092151728445, 'recall': 0.6840755788726283, 'f1-score': 0.7513132385274399, 'support': 50702.0}, 'Anomaly': {'precision': 0.3068501449651651, 'recall': 0.5052729086504204, 'f1-score': 0.3818216083784293, 'support': 14034.0}, 'accuracy': 0.6453132723677706, 'macro avg': {'precision': 0.5700296800690048, 'recall': 0.5946742437615243, 'f1-score': 0.5665674234529346, 'support': 64736.0}, 'weighted avg': {'precision': 0.7191007872302071, 'recall': 0.6453132723677706, 'f1-score': 0.6712118183360285, 'support': 64736.0}}"
0.644,15354.93359375,0.5953053825726167,0.6463019031141869,0.6208036428434018,"{'Normal': {'precision': 0.8334652562903264, 'recall': 0.6853378564948128, 'f1-score': 0.7521781953178271, 'support': 50702.0}, 'Anomaly': {'precision': 0.30770232154480365, 'recall': 0.5052729086504204, 'f1-score': 0.3824806494242024, 'support': 14034.0}, 'accuracy': 0.6463019031141869, 'macro avg': {'precision': 0.570583788917565, 'recall': 0.5953053825726167, 'f1-score': 0.5673294223710148, 'support': 64736.0}, 'weighted avg': {'precision': 0.7194860634730583, 'recall': 0.6463019031141869, 'f1-score': 0.6720321350257001, 'support': 64736.0}}"
0.645,15355.921459960937,0.5959365213837089,0.6472905338606031,0.6216135276221559,"{'Normal': {'precision': 0.8337205125134715, 'recall': 0.6866001341169974, 'f1-score': 0.7530419546383724, 'support': 50702.0}, 'Anomaly': {'precision': 0.3085592445933597, 'recall': 0.5052729086504204, 'f1-score': 0.38314196947183576, 'support': 14034.0}, 'accuracy': 0.6472905338606031, 'macro avg': {'precision': 0.5711398785534156, 'recall': 0.5959365213837089, 'f1-score': 0.5680919620551041, 'support': 64736.0}, 'weighted avg': {'precision': 0.719871753955778, 'recall': 0.6472905338606031, 'f1-score': 0.6728520079035235, 'support': 64736.0}}"
0.646,15356.181640625,0.5966366910022644,0.6483872960949085,0.6225119935485864,"{'Normal': {'precision': 0.8340027733945393, 'recall': 0.6880004733541083, 'f1-score': 0.753998789555594, 'support': 50702.0}, 'Anomaly': {'precision': 0.30951549541684853, 'recall': 0.5052729086504204, 'f1-score': 0.38387830229536596, 'support': 14034.0}, 'accuracy': 0.6483872960949085, 'macro avg': {'precision': 0.5717591344056939, 'recall': 0.5966366910022644, 'f1-score': 0.56893854592548, 'support': 64736.0}, 'weighted avg': {'precision': 0.7203001278937529, 'recall': 0.6483872960949085, 'f1-score': 0.6737610405718748, 'support': 64736.0}}"
0.647,15356.187055664062,0.5972086605498168,0.6492832427088483,0.6232459516293325,"{'Normal': {'precision': 0.8342326425365295, 'recall': 0.6891444124492131, 'f1-score': 0.7547793402890286, 'support': 50702.0}, 'Anomaly': {'precision': 0.3103010677402416, 'recall': 0.5052729086504204, 'f1-score': 0.3844819172585805, 'support': 14034.0}, 'accuracy': 0.6492832427088483, 'macro avg': {'precision': 0.5722668551383856, 'recall': 0.5972086605498168, 'f1-score': 0.5696306287738045, 'support': 64736.0}, 'weighted avg': {'precision': 0.7206504669203174, 'recall': 0.6492832427088483, 'f1-score': 0.6745032337206693, 'support': 64736.0}}"
0.648,15356.2099609375,0.5979285532562189,0.6504108996539792,0.624169726455099,"{'Normal': {'precision': 0.8345210572729223, 'recall': 0.6905841978620173, 'f1-score': 0.7557603686635944, 'support': 50702.0}, 'Anomaly': {'precision': 0.31129549146143376, 'recall': 0.5052729086504204, 'f1-score': 0.3852443430309945, 'support': 14034.0}, 'accuracy': 0.6504108996539792, 'macro avg': {'precision': 0.5729082743671781, 'recall': 0.5979285532562189, 'f1-score': 0.5705023558472945, 'support': 64736.0}, 'weighted avg': {'precision': 0.7210919360637276, 'recall': 0.6504108996539792, 'f1-score': 0.6754368716336898, 'support': 64736.0}}"
0.649,15356.2509765625,0.5985005228037712,0.6513068462679189,0.6249036845358451,"{'Normal': {'precision': 0.8347494942282518, 'recall': 0.691728136957122, 'f1-score': 0.7565387145830862, 'support': 50702.0}, 'Anomaly': {'precision': 0.31209013687777826, 'recall': 0.5052729086504204, 'f1-score': 0.38585226499795944, 'support': 14034.0}, 'accuracy': 0.6513068462679189, 'macro avg': {'precision': 0.573419815553015, 'recall': 0.5985005228037712, 'f1-score': 0.5711954897905228, 'support': 64736.0}, 'weighted avg': {'precision': 0.7214431203241405, 'recall': 0.6513068462679189, 'f1-score': 0.6761782716536857, 'support': 64736.0}}"
0.65,15356.3388671875,0.5991218000709402,0.6522800296589224,0.6257009148649313,"{'Normal': {'precision': 0.8349969104995485, 'recall': 0.69297069149146, 'f1-score': 0.7573830566932529, 'support': 50702.0}, 'Anomaly': {'precision': 0.3129578956659899, 'recall': 0.5052729086504204, 'f1-score': 0.38651477161234055, 'support': 14034.0}, 'accuracy': 0.6522800296589224, 'macro avg': {'precision': 0.5739774030827692, 'recall': 0.5991218000709402, 'f1-score': 0.5719489141527967, 'support': 64736.0}, 'weighted avg': {'precision': 0.7218250195242927, 'recall': 0.6522800296589224, 'f1-score': 0.6769831939765956, 'support': 64736.0}}"
0.651,15356.394028320312,0.5997628004259558,0.6532841077607514,0.6265234540933535,"{'Normal': {'precision': 0.8352514059274375, 'recall': 0.6942526922014911, 'f1-score': 0.7582530023156875, 'support': 50702.0}, 'Anomaly': {'precision': 0.3138582746868499, 'recall': 0.5052729086504204, 'f1-score': 0.38720069893794196, 'support': 14034.0}, 'accuracy': 0.6532841077607514, 'macro avg': {'precision': 0.5745548403071437, 'recall': 0.5997628004259558, 'f1-score': 0.5727268506268147, 'support': 64736.0}, 'weighted avg': {'precision': 0.7222195348845802, 'recall': 0.6532841077607514, 'f1-score': 0.6778132466062943, 'support': 64736.0}}"
0.652,15356.4091796875,0.6004925546762812,0.6544272120612951,0.6274598833687881,"{'Normal': {'precision': 0.8355401852334368, 'recall': 0.6957122007021419, 'f1-score': 0.7592419203822685, 'support': 50702.0}, 'Anomaly': {'precision': 0.3148896487410631, 'recall': 0.5052729086504204, 'f1-score': 0.38798457034990286, 'support': 14034.0}, 'accuracy': 0.6544272120612951, 'macro avg': {'precision': 0.5752149169872499, 'recall': 0.6004925546762812, 'f1-score': 0.5736132453660856, 'support': 64736.0}, 'weighted avg': {'precision': 0.722669299958876, 'recall': 0.6544272120612951, 'f1-score': 0.678757712980603, 'support': 64736.0}}"
0.653,15356.4169921875,0.6010842473116802,0.6553540533860603,0.6282191503488703,"{'Normal': {'precision': 0.8357735884760035, 'recall': 0.6968955859729399, 'f1-score': 0.7600425902623174, 'support': 50702.0}, 'Anomaly': {'precision': 0.3157308873948083, 'recall': 0.5052729086504204, 'f1-score': 0.38862247554325485, 'support': 14034.0}, 'accuracy': 0.6553540533860603, 'macro avg': {'precision': 0.5757522379354059, 'recall': 0.6010842473116802, 'f1-score': 0.5743325329027861, 'support': 64736.0}, 'weighted avg': {'precision': 0.723034474737535, 'recall': 0.6553540533860603, 'f1-score': 0.6795230973995002, 'support': 64736.0}}"
0.654,15356.4228515625,0.6016858014910025,0.6562963420662382,0.6289910717786203,"{'Normal': {'precision': 0.8360102035996032, 'recall': 0.6980986943315846, 'f1-score': 0.7608555460017197, 'support': 50702.0}, 'Anomaly': {'precision': 0.3165907670327708, 'recall': 0.5052729086504204, 'f1-score': 0.3892731664470795, 'support': 14034.0}, 'accuracy': 0.6562963420662382, 'macro avg': {'precision': 0.576300485316187, 'recall': 0.6016858014910025, 'f1-score': 0.5750643562243996, 'support': 64736.0}, 'weighted avg': {'precision': 0.723406206244516, 'recall': 0.6562963420662382, 'f1-score': 0.6803008760395683, 'support': 64736.0}}"
0.655,15356.43359375,0.6023465249338646,0.6573313148788927,0.6298389199063787,"{'Normal': {'precision': 0.8362693078646386, 'recall': 0.699420141217309, 'f1-score': 0.7617472370498459, 'support': 50702.0}, 'Anomaly': {'precision': 0.3175406385741794, 'recall': 0.5052729086504204, 'f1-score': 0.38999037536092396, 'support': 14034.0}, 'accuracy': 0.6573313148788927, 'macro avg': {'precision': 0.576904973219409, 'recall': 0.6023465249338646, 'f1-score': 0.5758688062053849, 'support': 64736.0}, 'weighted avg': {'precision': 0.7238150606942496, 'recall': 0.6573313148788927, 'f1-score': 0.6811547414223385, 'support': 64736.0}}"
0.656,15356.443359375,0.6029973868328036,0.6583508403361344,0.630674113584469,"{'Normal': {'precision': 0.8365237456146547, 'recall': 0.7007218650151867, 'f1-score': 0.7626243654277527, 'support': 50702.0}, 'Anomaly': {'precision': 0.31848192229957334, 'recall': 0.5052729086504204, 'f1-score': 0.390699468304912, 'support': 14034.0}, 'accuracy': 0.6583508403361344, 'macro avg': {'precision': 0.577502833957114, 'recall': 0.6029973868328036, 'f1-score': 0.5766619168663323, 'support': 64736.0}, 'weighted avg': {'precision': 0.7242183985372348, 'recall': 0.6583508403361344, 'f1-score': 0.6819954417033653, 'support': 64736.0}}"
0.657,15356.4609375,0.6035989410121259,0.6592931290163124,0.6314460350142191,"{'Normal': {'precision': 0.836758205586382, 'recall': 0.7019249733738314, 'f1-score': 0.7634339404080057, 'support': 50702.0}, 'Anomaly': {'precision': 0.3193568726355612, 'recall': 0.5052729086504204, 'f1-score': 0.39135713891495116, 'support': 14034.0}, 'accuracy': 0.6592931290163124, 'macro avg': {'precision': 0.5780575391109716, 'recall': 0.6035989410121259, 'f1-score': 0.5773955396614785, 'support': 64736.0}, 'weighted avg': {'precision': 0.7245917092530927, 'recall': 0.6592931290163124, 'f1-score': 0.682772085610775, 'support': 64736.0}}"
0.658,15356.4755859375,0.6042399413671415,0.6602972071181413,0.6322685742426415,"{'Normal': {'precision': 0.8370073009836373, 'recall': 0.7032069740838626, 'f1-score': 0.7642954372501313, 'support': 50702.0}, 'Anomaly': {'precision': 0.3202945029134107, 'recall': 0.5052729086504204, 'f1-score': 0.39206037652392667, 'support': 14034.0}, 'accuracy': 0.6602972071181413, 'macro avg': {'precision': 0.578650901948524, 'recall': 0.6042399413671415, 'f1-score': 0.578177906887029, 'support': 64736.0}, 'weighted avg': {'precision': 0.724990070878015, 'recall': 0.6602972071181413, 'f1-score': 0.6835992737208498, 'support': 64736.0}}"
0.659,15356.48828125,0.604910526353927,0.6613476272862086,0.6331290768200677,"{'Normal': {'precision': 0.8372670807453416, 'recall': 0.7045481440574336, 'f1-score': 0.7651954116550815, 'support': 50702.0}, 'Anomaly': {'precision': 0.3212813193783698, 'recall': 0.5052729086504204, 'f1-score': 0.39279878133222546, 'support': 14034.0}, 'accuracy': 0.6613476272862086, 'macro avg': {'precision': 0.5792742000618557, 'recall': 0.604910526353927, 'f1-score': 0.5789970964936535, 'support': 64736.0}, 'weighted avg': {'precision': 0.7254074636076734, 'recall': 0.6613476272862086, 'f1-score': 0.6844642217460515, 'support': 64736.0}}"
0.66,15396.532421875,0.6054211019230997,0.6622281265447355,0.6338246142339177,"{'Normal': {'precision': 0.8374526049712119, 'recall': 0.705711806240385, 'f1-score': 0.7659588132037505, 'support': 50702.0}, 'Anomaly': {'precision': 0.32208087233075877, 'recall': 0.5051303976058145, 'f1-score': 0.3933525690822328, 'support': 14034.0}, 'accuracy': 0.6622281265447355, 'macro avg': {'precision': 0.5797667386509853, 'recall': 0.6054211019230997, 'f1-score': 0.5796556911429916, 'support': 64736.0}, 'weighted avg': {'precision': 0.7257261020072332, 'recall': 0.6622281265447355, 'f1-score': 0.685182181499577, 'support': 64736.0}}"
0.661,15396.876147460938,0.606052240734192,0.6632167572911517,0.6346344990126718,"{'Normal': {'precision': 0.8376957232998364, 'recall': 0.7069740838625695, 'f1-score': 0.7668035767766226, 'support': 50702.0}, 'Anomaly': {'precision': 0.3230201403444819, 'recall': 0.5051303976058145, 'f1-score': 0.3940522512506948, 'support': 14034.0}, 'accuracy': 0.6632167572911517, 'macro avg': {'precision': 0.5803579318221592, 'recall': 0.606052240734192, 'f1-score': 0.5804279140136587, 'support': 64736.0}, 'weighted avg': {'precision': 0.7261201373631792, 'recall': 0.6632167572911517, 'f1-score': 0.6859954931379847, 'support': 64736.0}}"
0.662,15397.692509765626,0.6066932410892076,0.6642208353929807,0.6354570382410942,"{'Normal': {'precision': 0.8379418970948548, 'recall': 0.7082560845726007, 'f1-score': 0.7676603567878406, 'support': 50702.0}, 'Anomaly': {'precision': 0.3239797084228326, 'recall': 0.5051303976058145, 'f1-score': 0.3947654183488793, 'support': 14034.0}, 'accuracy': 0.6642208353929807, 'macro avg': {'precision': 0.5809608027588437, 'recall': 0.6066932410892076, 'f1-score': 0.58121288756836, 'support': 64736.0}, 'weighted avg': {'precision': 0.7265209666106859, 'recall': 0.6642208353929807, 'f1-score': 0.6868211395663196, 'support': 64736.0}}"
0.663,15399.70333984375,0.6073342414442231,0.6652249134948097,0.6362795774695165,"{'Normal': {'precision': 0.8381873252562908, 'recall': 0.7095380852826318, 'f1-score': 0.7685159471064493, 'support': 50702.0}, 'Anomaly': {'precision': 0.32494499449944997, 'recall': 0.5051303976058145, 'f1-score': 0.3954811715481171, 'support': 14034.0}, 'accuracy': 0.6652249134948097, 'macro avg': {'precision': 0.5815661598778704, 'recall': 0.6073342414442231, 'f1-score': 0.5819985593272832, 'support': 64736.0}, 'weighted avg': {'precision': 0.7269224514636329, 'recall': 0.6652249134948097, 'f1-score': 0.6876464148495037, 'support': 64736.0}}"
0.664,15427.3320703125,0.6079297524941639,0.6661980968858131,0.6370639246899885,"{'Normal': {'precision': 0.8384087472374084, 'recall': 0.7108003629048164, 'f1-score': 0.7693490025297, 'support': 50702.0}, 'Anomaly': {'precision': 0.32587007493908327, 'recall': 0.5050591420835114, 'f1-score': 0.396143635601509, 'support': 14034.0}, 'accuracy': 0.6661980968858131, 'macro avg': {'precision': 0.5821394110882459, 'recall': 0.6079297524941639, 'f1-score': 0.5827463190656045, 'support': 64736.0}, 'weighted avg': {'precision': 0.7272964182854389, 'recall': 0.6661980968858131, 'f1-score': 0.6884424880791589, 'support': 64736.0}}"
0.665,15427.542407226563,0.6085608913052561,0.6671867276322294,0.6378738094687428,"{'Normal': {'precision': 0.838648981393296, 'recall': 0.7120626405270009, 'f1-score': 0.7701891179827415, 'support': 50702.0}, 'Anomaly': {'precision': 0.3268317425185595, 'recall': 0.5050591420835114, 'f1-score': 0.39685339156238625, 'support': 14034.0}, 'accuracy': 0.6671867276322294, 'macro avg': {'precision': 0.5827403619559277, 'recall': 0.6085608913052561, 'f1-score': 0.5835212547725639, 'support': 64736.0}, 'weighted avg': {'precision': 0.727693050684447, 'recall': 0.6671867276322294, 'f1-score': 0.689254343134384, 'support': 64736.0}}"
0.666,15427.616708984375,0.6092018916602717,0.6681908057340583,0.6386963486971651,"{'Normal': {'precision': 0.8388922391798488, 'recall': 0.7133446412370321, 'f1-score': 0.771041187004349, 'support': 50702.0}, 'Anomaly': {'precision': 0.32781426325039315, 'recall': 0.5050591420835114, 'f1-score': 0.3975768454117119, 'support': 14034.0}, 'accuracy': 0.6681908057340583, 'macro avg': {'precision': 0.5833532512151209, 'recall': 0.6092018916602717, 'f1-score': 0.5843090162080304, 'support': 64736.0}, 'weighted avg': {'precision': 0.7280965719437826, 'recall': 0.6681908057340583, 'f1-score': 0.6900785299061182, 'support': 64736.0}}"
0.667,15429.852958984375,0.6098428920152874,0.6691948838358873,0.6395188879255873,"{'Normal': {'precision': 0.8391347645846361, 'recall': 0.7146266419470633, 'f1-score': 0.7718920761389418, 'support': 50702.0}, 'Anomaly': {'precision': 0.3288027090968131, 'recall': 0.5050591420835114, 'f1-score': 0.398302941754938, 'support': 14034.0}, 'accuracy': 0.6691948838358873, 'macro avg': {'precision': 0.5839687368407246, 'recall': 0.6098428920152874, 'f1-score': 0.5850975089469399, 'support': 64736.0}, 'weighted avg': {'precision': 0.7285008040879092, 'recall': 0.6691948838358873, 'f1-score': 0.6909023654378619, 'support': 64736.0}}"
0.668,15430.12791015625,0.6104740308263796,0.6701835145823035,0.6403287727043416,"{'Normal': {'precision': 0.8393728464722614, 'recall': 0.7158889195692477, 'f1-score': 0.7727287242535527, 'support': 50702.0}, 'Anomaly': {'precision': 0.3297817894198111, 'recall': 0.5050591420835114, 'f1-score': 0.3990204633095955, 'support': 14034.0}, 'accuracy': 0.6701835145823035, 'macro avg': {'precision': 0.5845773179460363, 'recall': 0.6104740308263796, 'f1-score': 0.5858745937815741, 'support': 64736.0}, 'weighted avg': {'precision': 0.7288995256820661, 'recall': 0.6701835145823035, 'f1-score': 0.6917131883216524, 'support': 64736.0}}"
0.669,15430.2802734375,0.6111643389010117,0.6712648294611963,0.641214584181104,"{'Normal': {'precision': 0.8396324429155219, 'recall': 0.717269535718512, 'f1-score': 0.7736425038557677, 'support': 50702.0}, 'Anomaly': {'precision': 0.3308593567660925, 'recall': 0.5050591420835114, 'f1-score': 0.39980821840539243, 'support': 14034.0}, 'accuracy': 0.6712648294611963, 'macro avg': {'precision': 0.5852458998408072, 'recall': 0.6111643389010117, 'f1-score': 0.58672536113058, 'support': 64736.0}, 'weighted avg': {'precision': 0.7293364485534808, 'recall': 0.6712648294611963, 'f1-score': 0.6925996472997469, 'support': 64736.0}}"
0.67,15430.296875,0.611765893080334,0.6722071181413742,0.6419865056108541,"{'Normal': {'precision': 0.8398579794346843, 'recall': 0.7184726440771567, 'f1-score': 0.7744376886772397, 'support': 50702.0}, 'Anomaly': {'precision': 0.3318041381893081, 'recall': 0.5050591420835114, 'f1-score': 0.4004972313255735, 'support': 14034.0}, 'accuracy': 0.6722071181413742, 'macro avg': {'precision': 0.5858310588119962, 'recall': 0.611765893080334, 'f1-score': 0.5874674600014066, 'support': 64736.0}, 'weighted avg': {'precision': 0.7297179088705837, 'recall': 0.6722071181413742, 'f1-score': 0.6933718153073484, 'support': 64736.0}}"
0.671,15430.3095703125,0.612416754979273,0.673226643598616,0.6428216992889444,"{'Normal': {'precision': 0.8401012891344383, 'recall': 0.7197743678750346, 'f1-score': 0.7752968919292134, 'support': 50702.0}, 'Anomaly': {'precision': 0.33283245679939893, 'recall': 0.5050591420835114, 'f1-score': 0.40124540050948204, 'support': 14034.0}, 'accuracy': 0.673226643598616, 'macro avg': {'precision': 0.5864668729669186, 'recall': 0.612416754979273, 'f1-score': 0.5882711462193477, 'support': 64736.0}, 'weighted avg': {'precision': 0.7301313992278956, 'recall': 0.673226643598616, 'f1-score': 0.6942069476851372, 'support': 64736.0}}"
0.672,15430.524375,0.6130281707025186,0.6741843796342066,0.6436062751683627,"{'Normal': {'precision': 0.8403291802675739, 'recall': 0.7209971993215257, 'f1-score': 0.7761029255657934, 'support': 50702.0}, 'Anomaly': {'precision': 0.33380427616087405, 'recall': 0.5050591420835114, 'f1-score': 0.40195077690824543, 'support': 14034.0}, 'accuracy': 0.6741843796342066, 'macro avg': {'precision': 0.5870667282142239, 'recall': 0.6130281707025186, 'f1-score': 0.5890268512370194, 'support': 64736.0}, 'weighted avg': {'precision': 0.7305205652120649, 'recall': 0.6741843796342066, 'f1-score': 0.6949911600217371, 'support': 64736.0}}"
0.673,15434.90040039063,0.6136691710575342,0.6751884577360356,0.6444288143967849,"{'Normal': {'precision': 0.8405674019326554, 'recall': 0.722279200031557, 'f1-score': 0.7769468223912421, 'support': 50702.0}, 'Anomaly': {'precision': 0.33482923142330767, 'recall': 0.5050591420835114, 'f1-score': 0.40269295230520125, 'support': 14034.0}, 'accuracy': 0.6751884577360356, 'macro avg': {'precision': 0.5876983166779816, 'recall': 0.6136691710575342, 'f1-score': 0.5898198873482217, 'support': 64736.0}, 'weighted avg': {'precision': 0.7309293414264736, 'recall': 0.6751884577360356, 'f1-score': 0.6958130048432395, 'support': 64736.0}}"
0.674,15436.750380859376,0.6114443451928371,0.6742461690558577,0.6428452571243474,"{'Normal': {'precision': 0.8393610194352769, 'recall': 0.7223186462072502, 'f1-score': 0.7764538766510484, 'support': 50702.0}, 'Anomaly': {'precision': 0.33287528430629265, 'recall': 0.5005700441784239, 'f1-score': 0.3998520120667084, 'support': 14034.0}, 'accuracy': 0.6742461690558577, 'macro avg': {'precision': 0.5861181518707848, 'recall': 0.6114443451928371, 'f1-score': 0.5881529443588784, 'support': 64736.0}, 'weighted avg': {'precision': 0.729560895751389, 'recall': 0.6742461690558577, 'f1-score': 0.6948110416353442, 'support': 64736.0}}"
0.675,15436.823364257812,0.6091285407179902,0.6732420909540286,0.6411853158360095,"{'Normal': {'precision': 0.8381124562326934, 'recall': 0.7223186462072502, 'f1-score': 0.7759192364325893, 'support': 50702.0}, 'Anomaly': {'precision': 0.33081420219592184, 'recall': 0.4959384352287302, 'f1-score': 0.3968864938841844, 'support': 14034.0}, 'accuracy': 0.6732420909540286, 'macro avg': {'precision': 0.5844633292143075, 'recall': 0.6091285407179902, 'f1-score': 0.5864028651583868, 'support': 64736.0}, 'weighted avg': {'precision': 0.7281361880488073, 'recall': 0.6732420909540286, 'f1-score': 0.6937494157930022, 'support': 64736.0}}"
0.676,15436.9296875,0.606777108481992,0.6722225654967869,0.6394998369893894,"{'Normal': {'precision': 0.8368484793090053, 'recall': 0.7223186462072502, 'f1-score': 0.7753771238024665, 'support': 50702.0}, 'Anomaly': {'precision': 0.32870833929337717, 'recall': 0.49123557075673363, 'f1-score': 0.39386408432599196, 'support': 14034.0}, 'accuracy': 0.6722225654967869, 'macro avg': {'precision': 0.5827784093011912, 'recall': 0.606777108481992, 'f1-score': 0.5846206040642292, 'support': 64736.0}, 'weighted avg': {'precision': 0.7266897001910597, 'recall': 0.6722225654967869, 'f1-score': 0.6926696040914426, 'support': 64736.0}}"
0.677,15436.9677734375,0.6044613040071452,0.6712184873949579,0.6378398957010516,"{'Normal': {'precision': 0.8356073742812814, 'recall': 0.7223186462072502, 'f1-score': 0.7748439648788744, 'support': 50702.0}, 'Anomaly': {'precision': 0.32662138894203174, 'recall': 0.48660396180704, 'f1-score': 0.3908763093125751, 'support': 14034.0}, 'accuracy': 0.6712184873949579, 'macro avg': {'precision': 0.5811143816116566, 'recall': 0.6044613040071452, 'f1-score': 0.5828601370957247, 'support': 64736.0}, 'weighted avg': {'precision': 0.7252652258901076, 'recall': 0.6712184873949579, 'f1-score': 0.6916043133987484, 'support': 64736.0}}"
0.678,15437.01236328125,0.6022167550546013,0.6702453040039545,0.6362310295292779,"{'Normal': {'precision': 0.8344079651864847, 'recall': 0.7223186462072502, 'f1-score': 0.774327910099056, 'support': 50702.0}, 'Anomaly': {'precision': 0.32458623171024226, 'recall': 0.4821148639019524, 'f1-score': 0.3879698385848218, 'support': 14034.0}, 'accuracy': 0.6702453040039545, 'macro avg': {'precision': 0.5794970984483635, 'recall': 0.6022167550546013, 'f1-score': 0.5811488743419388, 'support': 64736.0}, 'weighted avg': {'precision': 0.7238846364728543, 'recall': 0.6702453040039545, 'f1-score': 0.6905700446821201, 'support': 64736.0}}"
0.679,15437.0654296875,0.5996159284905426,0.6691176470588235,0.634366787774683,"{'Normal': {'precision': 0.8330224729323993, 'recall': 0.7223186462072502, 'f1-score': 0.7737308009211332, 'support': 50702.0}, 'Anomaly': {'precision': 0.322212593876372, 'recall': 0.476913210773835, 'f1-score': 0.3845888639889674, 'support': 14034.0}, 'accuracy': 0.6691176470588235, 'macro avg': {'precision': 0.5776175334043856, 'recall': 0.5996159284905426, 'f1-score': 0.5791598324550503, 'support': 64736.0}, 'weighted avg': {'precision': 0.7222849259311591, 'recall': 0.6691176470588235, 'f1-score': 0.6893694263705584, 'support': 64736.0}}"
0.68,15437.07890625,0.5976207738660592,0.6682525951557093,0.6329366845108843,"{'Normal': {'precision': 0.8319627442071785, 'recall': 0.7223186462072502, 'f1-score': 0.773273368383269, 'support': 50702.0}, 'Anomaly': {'precision': 0.3203803823131879, 'recall': 0.47292290152486816, 'f1-score': 0.38198561151079136, 'support': 14034.0}, 'accuracy': 0.6682525951557093, 'macro avg': {'precision': 0.5761715632601832, 'recall': 0.5976207738660592, 'f1-score': 0.5776294899470302, 'support': 64736.0}, 'weighted avg': {'precision': 0.7210577320528863, 'recall': 0.6682525951557093, 'f1-score': 0.6884468054206461, 'support': 64736.0}}"
0.681,15437.0927734375,0.5952693416300608,0.6672330696984676,0.6312512056642643,"{'Normal': {'precision': 0.8307172344962119, 'recall': 0.7223186462072502, 'f1-score': 0.7727349453517323, 'support': 50702.0}, 'Anomaly': {'precision': 0.3182082324455206, 'recall': 0.4682200370528716, 'f1-score': 0.3789067004959059, 'support': 14034.0}, 'accuracy': 0.6672330696984676, 'macro avg': {'precision': 0.5744627334708663, 'recall': 0.5952693416300608, 'f1-score': 0.5758208229238191, 'support': 64736.0}, 'weighted avg': {'precision': 0.719611337703401, 'recall': 0.6672330696984676, 'f1-score': 0.6873576346079936, 'support': 64736.0}}"
0.682,15437.102802734375,0.5929891649163656,0.6662444389520514,0.6296168019342085,"{'Normal': {'precision': 0.8295130237825594, 'recall': 0.7223186462072502, 'f1-score': 0.7722135537468899, 'support': 50702.0}, 'Anomaly': {'precision': 0.31608860390556687, 'recall': 0.463659683625481, 'f1-score': 0.3759098786828423, 'support': 14034.0}, 'accuracy': 0.6662444389520514, 'macro avg': {'precision': 0.5728008138440631, 'recall': 0.5929891649163656, 'f1-score': 0.5740617162148661, 'support': 64736.0}, 'weighted avg': {'precision': 0.7182086752198784, 'recall': 0.6662444389520514, 'f1-score': 0.6862995989790815, 'support': 64736.0}}"
0.683,15437.114262695313,0.5906733604415187,0.6652403608502224,0.6279568606458705,"{'Normal': {'precision': 0.8282935655320592, 'recall': 0.7223186462072502, 'f1-score': 0.7716847350843369, 'support': 50702.0}, 'Anomaly': {'precision': 0.31392232347351495, 'recall': 0.4590280746757874, 'f1-score': 0.3728548690493416, 'support': 14034.0}, 'accuracy': 0.6652403608502224, 'macro avg': {'precision': 0.5711079445027871, 'recall': 0.5906733604415187, 'f1-score': 0.5722698020668393, 'support': 64736.0}, 'weighted avg': {'precision': 0.7167839571063053, 'recall': 0.6652403608502224, 'f1-score': 0.6852231319587943, 'support': 64736.0}}"
0.684,15437.126953125,0.588286300444369,0.664205388037568,0.6262458442409685,"{'Normal': {'precision': 0.8270403324149768, 'recall': 0.7223186462072502, 'f1-score': 0.7711404025941211, 'support': 50702.0}, 'Anomaly': {'precision': 0.3116749779994133, 'recall': 0.4542539546814878, 'f1-score': 0.3696938065414057, 'support': 14034.0}, 'accuracy': 0.664205388037568, 'macro avg': {'precision': 0.5693576552071951, 'recall': 0.588286300444369, 'f1-score': 0.5704171045677634, 'support': 64736.0}, 'weighted avg': {'precision': 0.715315212174801, 'recall': 0.664205388037568, 'f1-score': 0.6841115233151448, 'support': 64736.0}}"
0.685,15437.1455078125,0.5859704959695222,0.663201309935739,0.6245859029526306,"{'Normal': {'precision': 0.8258281281710149, 'recall': 0.7223186462072502, 'f1-score': 0.7706130522151732, 'support': 50702.0}, 'Anomaly': {'precision': 0.30948060228554614, 'recall': 0.4496223457317942, 'f1-score': 0.366615344391831, 'support': 14034.0}, 'accuracy': 0.663201309935739, 'macro avg': {'precision': 0.5676543652282805, 'recall': 0.5859704959695222, 'f1-score': 0.5686141983035021, 'support': 64736.0}, 'weighted avg': {'precision': 0.7138900847596723, 'recall': 0.663201309935739, 'f1-score': 0.68303112204351, 'support': 64736.0}}"
0.686,15437.1533203125,0.5835478082112209,0.6621508897676718,0.6228493489894463,"{'Normal': {'precision': 0.8245637734999437, 'recall': 0.7223186462072502, 'f1-score': 0.7700621340033853, 'support': 50702.0}, 'Anomaly': {'precision': 0.30716992274002264, 'recall': 0.4447769702151917, 'f1-score': 0.3633823315383496, 'support': 14034.0}, 'accuracy': 0.6621508897676718, 'macro avg': {'precision': 0.5658668481199831, 'recall': 0.5835478082112209, 'f1-score': 0.5667222327708674, 'support': 64736.0}, 'weighted avg': {'precision': 0.7123988992172458, 'recall': 0.6621508897676718, 'f1-score': 0.6818987574000377, 'support': 64736.0}}"
0.687,15437.1611328125,0.5814101425421316,0.6612240484429066,0.6213170954925191,"{'Normal': {'precision': 0.82345137717819, 'recall': 0.7223186462072502, 'f1-score': 0.7695766834424284, 'support': 50702.0}, 'Anomaly': {'precision': 0.30511820739351464, 'recall': 0.440501638877013, 'f1-score': 0.3605190260970987, 'support': 14034.0}, 'accuracy': 0.6612240484429066, 'macro avg': {'precision': 0.5642847922858523, 'recall': 0.5814101425421316, 'f1-score': 0.5650478547697635, 'support': 64736.0}, 'weighted avg': {'precision': 0.7110828696281695, 'recall': 0.6612240484429066, 'f1-score': 0.6808978159933374, 'support': 64736.0}}"
0.688,15437.16796875,0.5790943380672848,0.6602199703410776,0.6196571542041812,"{'Normal': {'precision': 0.8222496632240682, 'recall': 0.7223186462072502, 'f1-score': 0.7690514688897755, 'support': 50702.0}, 'Anomaly': {'precision': 0.3028817587641117, 'recall': 0.4358700299273194, 'f1-score': 0.35740578439964943, 'support': 14034.0}, 'accuracy': 0.6602199703410776, 'macro avg': {'precision': 0.56256571099409, 'recall': 0.5790943380672848, 'f1-score': 0.5632286266447124, 'support': 64736.0}, 'weighted avg': {'precision': 0.7096568374209443, 'recall': 0.6602199703410776, 'f1-score': 0.6798115477310009, 'support': 64736.0}}"
0.689,15437.173256835937,0.5768497891147409,0.6592467869500741,0.6180482880324075,"{'Normal': {'precision': 0.8210882676053181, 'recall': 0.7223186462072502, 'f1-score': 0.7685430984733225, 'support': 50702.0}, 'Anomaly': {'precision': 0.30070034272090596, 'recall': 0.4313809320222317, 'f1-score': 0.35437703046799546, 'support': 14034.0}, 'accuracy': 0.6592467869500741, 'macro avg': {'precision': 0.560894305163112, 'recall': 0.5768497891147409, 'f1-score': 0.561460064470659, 'support': 64736.0}, 'weighted avg': {'precision': 0.7082743134248337, 'recall': 0.6592467869500741, 'f1-score': 0.6787567879446096, 'support': 64736.0}}"
0.69,15437.1787109375,0.5742133347895307,0.6581036826495305,0.6161585087195306,"{'Normal': {'precision': 0.8197282718177138, 'recall': 0.7223186462072502, 'f1-score': 0.7679468226758511, 'support': 50702.0}, 'Anomaly': {'precision': 0.29812054439403757, 'recall': 0.4261080233718113, 'f1-score': 0.3508051506174288, 'support': 14034.0}, 'accuracy': 0.6581036826495305, 'macro avg': {'precision': 0.5589244081058757, 'recall': 0.5742133347895307, 'f1-score': 0.5593759866466399, 'support': 64736.0}, 'weighted avg': {'precision': 0.7066498788576318, 'recall': 0.6581036826495305, 'f1-score': 0.6775154363426223, 'support': 64736.0}}"
0.691,15437.18359375,0.5718975303146839,0.6570996045477014,0.6144985674311927,"{'Normal': {'precision': 0.8185373921594922, 'recall': 0.7223186462072502, 'f1-score': 0.7674238296802314, 'support': 50702.0}, 'Anomaly': {'precision': 0.2958387516254877, 'recall': 0.4214764144221177, 'f1-score': 0.34765487245797577, 'support': 14034.0}, 'accuracy': 0.6570996045477014, 'macro avg': {'precision': 0.55718807189249, 'recall': 0.5718975303146839, 'f1-score': 0.5575393510691036, 'support': 64736.0}, 'weighted avg': {'precision': 0.7052225021252884, 'recall': 0.6570996045477014, 'f1-score': 0.6764228789625916, 'support': 64736.0}}"
0.692,15437.1875,0.5697954924067461,0.656188210578349,0.6129918514925475,"{'Normal': {'precision': 0.8174594317091136, 'recall': 0.7223186462072502, 'f1-score': 0.7669497293278745, 'support': 50702.0}, 'Anomaly': {'precision': 0.29375470278404814, 'recall': 0.41727233860624197, 'f1-score': 0.34478495098472134, 'support': 14034.0}, 'accuracy': 0.656188210578349, 'macro avg': {'precision': 0.5556070672465809, 'recall': 0.5697954924067461, 'f1-score': 0.5558673401562979, 'support': 64736.0}, 'weighted avg': {'precision': 0.7039264335977944, 'recall': 0.656188210578349, 'f1-score': 0.6754293928957841, 'support': 64736.0}}"
0.693,15437.193359375,0.5672302936038389,0.6550760009886307,0.6111531472962348,"{'Normal': {'precision': 0.8161477948877944, 'recall': 0.7223186462072502, 'f1-score': 0.76637195919435, 'support': 50702.0}, 'Anomaly': {'precision': 0.2911946835825404, 'recall': 0.41214194100042756, 'f1-score': 0.3412691388618462, 'support': 14034.0}, 'accuracy': 0.6550760009886307, 'macro avg': {'precision': 0.5536712392351675, 'recall': 0.5672302936038389, 'f1-score': 0.5538205490280981, 'support': 64736.0}, 'weighted avg': {'precision': 0.7023441622250112, 'recall': 0.6550760009886307, 'f1-score': 0.6742146899694001, 'support': 64736.0}}"
0.694,15437.197265625,0.5650213724124465,0.65411826495304,0.6095698186827433,"{'Normal': {'precision': 0.8150216980082341, 'recall': 0.7223186462072502, 'f1-score': 0.7658751320095779, 'support': 50702.0}, 'Anomaly': {'precision': 0.28897530427756174, 'recall': 0.40772409861764286, 'f1-score': 0.3382296438599084, 'support': 14034.0}, 'accuracy': 0.65411826495304, 'macro avg': {'precision': 0.551998501142898, 'recall': 0.5650213724124465, 'f1-score': 0.5520523879347432, 'support': 64736.0}, 'weighted avg': {'precision': 0.7009810546318089, 'recall': 0.65411826495304, 'f1-score': 0.6731666424412934, 'support': 64736.0}}"
0.695,15437.201171875,0.5623849180872363,0.6529751606524963,0.6076800393698663,"{'Normal': {'precision': 0.8136817081028239, 'recall': 0.7223186462072502, 'f1-score': 0.7652829873264306, 'support': 50702.0}, 'Anomaly': {'precision': 0.2863081056420135, 'recall': 0.40245118996722246, 'f1-score': 0.3345872456384586, 'support': 14034.0}, 'accuracy': 0.6529751606524963, 'macro avg': {'precision': 0.5499949068724187, 'recall': 0.5623849180872363, 'f1-score': 0.5499351164824446, 'support': 64736.0}, 'weighted avg': {'precision': 0.6993533415535312, 'recall': 0.6529751606524963, 'f1-score': 0.6719132388271567, 'support': 64736.0}}"
0.696,15437.203125,0.5603541357016014,0.6520946613939693,0.6062243985477853,"{'Normal': {'precision': 0.8126525540318644, 'recall': 0.7223186462072502, 'f1-score': 0.7648274997911619, 'support': 50702.0}, 'Anomaly': {'precision': 0.2842399593289273, 'recall': 0.39838962519595267, 'f1-score': 0.3317707097080465, 'support': 14034.0}, 'accuracy': 0.6520946613939693, 'macro avg': {'precision': 0.5484462566803958, 'recall': 0.5603541357016014, 'f1-score': 0.5482991047496042, 'support': 64736.0}, 'weighted avg': {'precision': 0.6980989462392758, 'recall': 0.6520946613939693, 'f1-score': 0.670945903893571, 'support': 64736.0}}"
0.697,15437.2060546875,0.5580739589879061,0.6511060306475531,0.6045899948177296,"{'Normal': {'precision': 0.8115001107910481, 'recall': 0.7223186462072502, 'f1-score': 0.7643167209282912, 'support': 50702.0}, 'Anomaly': {'precision': 0.2819034989288993, 'recall': 0.3938292717685621, 'f1-score': 0.3285969084423306, 'support': 14034.0}, 'accuracy': 0.6511060306475531, 'macro avg': {'precision': 0.5467018048599737, 'recall': 0.5580739589879061, 'f1-score': 0.5464568146853108, 'support': 64736.0}, 'weighted avg': {'precision': 0.6966898220664838, 'recall': 0.6511060306475531, 'f1-score': 0.6698578132350762, 'support': 64736.0}}"
0.698,15437.2099609375,0.5552593658569385,0.6498856895699456,0.602572527713442,"{'Normal': {'precision': 0.8100820633059789, 'recall': 0.7223186462072502, 'f1-score': 0.7636871683122896, 'support': 50702.0}, 'Anomaly': {'precision': 0.278998310032263, 'recall': 0.38820008550662677, 'f1-score': 0.3246625547510503, 'support': 14034.0}, 'accuracy': 0.6498856895699456, 'macro avg': {'precision': 0.544540186669121, 'recall': 0.5552593658569385, 'f1-score': 0.5441748615316699, 'support': 64736.0}, 'weighted avg': {'precision': 0.6949493798926797, 'recall': 0.6498856895699456, 'f1-score': 0.6685118187893282, 'support': 64736.0}}"
0.699,15437.2119140625,0.55362048884397,0.649175111220959,0.6013978000324645,"{'Normal': {'precision': 0.8092586454535411, 'recall': 0.7223186462072502, 'f1-score': 0.7633210708963389, 'support': 50702.0}, 'Anomaly': {'precision': 0.27729582670294134, 'recall': 0.38492233148068977, 'f1-score': 0.3223631209906012, 'support': 14034.0}, 'accuracy': 0.649175111220959, 'macro avg': {'precision': 0.5432772360782412, 'recall': 0.55362048884397, 'f1-score': 0.5428420959434701, 'support': 64736.0}, 'weighted avg': {'precision': 0.693935391030254, 'recall': 0.649175111220959, 'f1-score': 0.6677265968945915, 'support': 64736.0}}"
0.7,15437.21484375,0.5510196622799113,0.648047454275828,0.5995335582778696,"{'Normal': {'precision': 0.8079553476879633, 'recall': 0.7223186462072502, 'f1-score': 0.7627408101634906, 'support': 50702.0}, 'Anomaly': {'precision': 0.2745774938169827, 'recall': 0.37972067835257234, 'f1-score': 0.3187010346271156, 'support': 14034.0}, 'accuracy': 0.648047454275828, 'macro avg': {'precision': 0.541266420752473, 'recall': 0.5510196622799113, 'f1-score': 0.5407209223953031, 'support': 64736.0}, 'weighted avg': {'precision': 0.6923253303679969, 'recall': 0.648047454275828, 'f1-score': 0.6664782327741325, 'support': 64736.0}}"
0.701,15437.2177734375,0.5486326022827615,0.6470124814631735,0.5978225418729675,"{'Normal': {'precision': 0.8067628593457429, 'recall': 0.7223186462072502, 'f1-score': 0.7622090179714247, 'support': 50702.0}, 'Anomaly': {'precision': 0.27206452613618737, 'recall': 0.3749465583582728, 'f1-score': 0.3153258426966292, 'support': 14034.0}, 'accuracy': 0.6470124814631735, 'macro avg': {'precision': 0.5394136927409652, 'recall': 0.5486326022827615, 'f1-score': 0.538767430334027, 'support': 64736.0}, 'weighted avg': {'precision': 0.6908465777054978, 'recall': 0.6470124814631735, 'f1-score': 0.6653300251110923, 'support': 64736.0}}"
0.702,15437.2197265625,0.5466730754194296,0.646162876915472,0.5964179761674508,"{'Normal': {'precision': 0.8057865786578657, 'recall': 0.7223186462072502, 'f1-score': 0.7617730260421, 'support': 50702.0}, 'Anomaly': {'precision': 0.2699885927615887, 'recall': 0.37102750463160894, 'f1-score': 0.31254501800720286, 'support': 14034.0}, 'accuracy': 0.646162876915472, 'macro avg': {'precision': 0.5378875857097272, 'recall': 0.5466730754194296, 'f1-score': 0.5371590220246514, 'support': 64736.0}, 'weighted avg': {'precision': 0.6896319053065875, 'recall': 0.646162876915472, 'f1-score': 0.6643857011415539, 'support': 64736.0}}"
0.703,15437.2216796875,0.5445354097503402,0.6452360355907069,0.5948857226705235,"{'Normal': {'precision': 0.8047242364315536, 'recall': 0.7223186462072502, 'f1-score': 0.7612979669895648, 'support': 50702.0}, 'Anomaly': {'precision': 0.26771039217725995, 'recall': 0.36675217329343024, 'f1-score': 0.3095009019843656, 'support': 14034.0}, 'accuracy': 0.6452360355907069, 'macro avg': {'precision': 0.5362173143044068, 'recall': 0.5445354097503402, 'f1-score': 0.5353994344869651, 'support': 64736.0}, 'weighted avg': {'precision': 0.688305979352575, 'recall': 0.6452360355907069, 'f1-score': 0.6633537008890493, 'support': 64736.0}}"
0.704,15437.224609375,0.5420770942308875,0.6441701680672269,0.5931236311490572,"{'Normal': {'precision': 0.8035060005704382, 'recall': 0.7223186462072502, 'f1-score': 0.7607523810512977, 'support': 50702.0}, 'Anomaly': {'precision': 0.26507281933496896, 'recall': 0.36183554225452474, 'f1-score': 0.30598656262239765, 'support': 14034.0}, 'accuracy': 0.6441701680672269, 'macro avg': {'precision': 0.5342894099527036, 'recall': 0.5420770942308875, 'f1-score': 0.5333694718368477, 'support': 64736.0}, 'weighted avg': {'precision': 0.6867800480021828, 'recall': 0.6441701680672269, 'f1-score': 0.662164524281785, 'support': 64736.0}}"
0.705,15437.2275390625,0.5392981288610713,0.6429652743450321,0.5911317016030517,"{'Normal': {'precision': 0.8021332982894189, 'recall': 0.7223186462072502, 'f1-score': 0.7601365726086822, 'support': 50702.0}, 'Anomaly': {'precision': 0.2620682425703653, 'recall': 0.3562776115148924, 'f1-score': 0.30199619484794493, 'support': 14034.0}, 'accuracy': 0.6429652743450321, 'macro avg': {'precision': 0.5321007704298921, 'recall': 0.5392981288610713, 'f1-score': 0.5310663837283136, 'support': 64736.0}, 'weighted avg': {'precision': 0.6850535746123119, 'recall': 0.6429652743450321, 'f1-score': 0.6608171512435347, 'support': 64736.0}}"
0.706,15437.23046875,0.5372317187142849,0.6420693277310925,0.5896505232226887,"{'Normal': {'precision': 0.8011156075686318, 'recall': 0.7223186462072502, 'f1-score': 0.759679309665308, 'support': 50702.0}, 'Anomaly': {'precision': 0.25981809578886494, 'recall': 0.35214479122131964, 'f1-score': 0.2990167901981546, 'support': 14034.0}, 'accuracy': 0.6420693277310925, 'macro avg': {'precision': 0.5304668516787483, 'recall': 0.5372317187142849, 'f1-score': 0.5293480499317312, 'support': 64736.0}, 'weighted avg': {'precision': 0.6837687019779675, 'recall': 0.6420693277310925, 'f1-score': 0.6598131177751382, 'support': 64736.0}}"
0.707,15437.2333984375,0.5342389867775599,0.6407717498764212,0.5875053683269905,"{'Normal': {'precision': 0.7996462804864735, 'recall': 0.7223186462072502, 'f1-score': 0.7590180412638211, 'support': 50702.0}, 'Anomaly': {'precision': 0.25653482600200667, 'recall': 0.34615932734786947, 'f1-score': 0.2946832064541567, 'support': 14034.0}, 'accuracy': 0.6407717498764212, 'macro avg': {'precision': 0.52809055324424, 'recall': 0.5342389867775599, 'f1-score': 0.526850623858989, 'support': 64736.0}, 'weighted avg': {'precision': 0.6819061335475985, 'recall': 0.6407717498764212, 'f1-score': 0.658355734792633, 'support': 64736.0}}"
0.708,15437.23572265625,0.5330276428984092,0.6402465397923875,0.5866370913453984,"{'Normal': {'precision': 0.7990530840224292, 'recall': 0.7223186462072502, 'f1-score': 0.7587507121769307, 'support': 50702.0}, 'Anomaly': {'precision': 0.2551975876844945, 'recall': 0.3437366395895682, 'f1-score': 0.29292285271882684, 'support': 14034.0}, 'accuracy': 0.6402465397923875, 'macro avg': {'precision': 0.5271253358534619, 'recall': 0.5330276428984092, 'f1-score': 0.5258367824478788, 'support': 64736.0}, 'weighted avg': {'precision': 0.6811516375999351, 'recall': 0.6402465397923875, 'f1-score': 0.6577647356007593, 'support': 64736.0}}"
0.709,15437.2392578125,0.5298923999170781,0.6388871725160653,0.5843897862165717,"{'Normal': {'precision': 0.7975218309705799, 'recall': 0.7223186462072502, 'f1-score': 0.7580596752326051, 'support': 50702.0}, 'Anomaly': {'precision': 0.2517140579325007, 'recall': 0.3374661536269061, 'f1-score': 0.2883497214527078, 'support': 14034.0}, 'accuracy': 0.6388871725160653, 'macro avg': {'precision': 0.5246179444515403, 'recall': 0.5298923999170781, 'f1-score': 0.5232046983426565, 'support': 64736.0}, 'weighted avg': {'precision': 0.6791971540239597, 'recall': 0.6388871725160653, 'f1-score': 0.6562321064710647, 'support': 64736.0}}"
0.71,15437.2421875,0.5282178951429581,0.6381611468116658,0.5831895209773119,"{'Normal': {'precision': 0.7967064044552732, 'recall': 0.7223186462072502, 'f1-score': 0.7576911140995138, 'support': 50702.0}, 'Anomaly': {'precision': 0.24984015345268543, 'recall': 0.3341171440786661, 'f1-score': 0.2858972013901591, 'support': 14034.0}, 'accuracy': 0.6381611468116658, 'macro avg': {'precision': 0.5232732789539793, 'recall': 0.5282178951429581, 'f1-score': 0.5217941577448365, 'support': 64736.0}, 'weighted avg': {'precision': 0.6781522619909518, 'recall': 0.6381611468116658, 'f1-score': 0.6554117676622443, 'support': 64736.0}}"
0.711,15437.2451171875,0.5258664629069598,0.6371416213544241,0.581504042130692,"{'Normal': {'precision': 0.7955641482382587, 'recall': 0.7223186462072502, 'f1-score': 0.7571741647370163, 'support': 50702.0}, 'Anomaly': {'precision': 0.24719281360282322, 'recall': 0.3294142796066695, 'f1-score': 0.28244134897360706, 'support': 14034.0}, 'accuracy': 0.6371416213544241, 'macro avg': {'precision': 0.521378480920541, 'recall': 0.5258664629069598, 'f1-score': 0.5198077568553117, 'support': 64736.0}, 'weighted avg': {'precision': 0.6766837214236006, 'recall': 0.6371416213544241, 'f1-score': 0.6542576988382321, 'support': 64736.0}}"
0.712,15437.2509765625,0.5232656363429011,0.6360139644092931,0.5796398003760972,"{'Normal': {'precision': 0.7943045524540742, 'recall': 0.7223186462072502, 'f1-score': 0.7566032083793862, 'support': 50702.0}, 'Anomaly': {'precision': 0.24424284717376135, 'recall': 0.3242126264785521, 'f1-score': 0.27860270030309525, 'support': 14034.0}, 'accuracy': 0.6360139644092931, 'macro avg': {'precision': 0.5192736998139178, 'recall': 0.5232656363429011, 'f1-score': 0.5176029543412407, 'support': 64736.0}, 'weighted avg': {'precision': 0.6750576732538778, 'recall': 0.6360139644092931, 'f1-score': 0.6529783453921355, 'support': 64736.0}}"
0.713,15437.2568359375,0.5213417372407207,0.6351798072170044,0.5782607722288626,"{'Normal': {'precision': 0.7933753601525096, 'recall': 0.7223186462072502, 'f1-score': 0.7561814108586354, 'support': 50702.0}, 'Anomaly': {'precision': 0.2420457604306864, 'recall': 0.32036482827419127, 'f1-score': 0.2757520929804655, 'support': 14034.0}, 'accuracy': 0.6351798072170044, 'macro avg': {'precision': 0.517710560291598, 'recall': 0.5213417372407207, 'f1-score': 0.5159667519195504, 'support': 64736.0}, 'weighted avg': {'precision': 0.673853616416473, 'recall': 0.6351798072170044, 'f1-score': 0.65203001060063, 'support': 64736.0}}"
0.714,15437.265625,0.5189546772435709,0.63414483440435,0.5765497558239605,"{'Normal': {'precision': 0.7922254910443887, 'recall': 0.7223186462072502, 'f1-score': 0.755658722789642, 'support': 50702.0}, 'Anomaly': {'precision': 0.23930192349254376, 'recall': 0.3155907082798917, 'f1-score': 0.27220207731546925, 'support': 14034.0}, 'accuracy': 0.63414483440435, 'macro avg': {'precision': 0.5157637072684662, 'recall': 0.5189546772435709, 'f1-score': 0.5139304000525556, 'support': 64736.0}, 'weighted avg': {'precision': 0.6723581939141584, 'recall': 0.63414483440435, 'f1-score': 0.6508510336740874, 'support': 64736.0}}"
0.715,15437.2744140625,0.5165319894852697,0.6330944142362828,0.5748132018607762,"{'Normal': {'precision': 0.7910618627959219, 'recall': 0.7223186462072502, 'f1-score': 0.7551289717313759, 'support': 50702.0}, 'Anomaly': {'precision': 0.23649674620390457, 'recall': 0.31074533276328914, 'f1-score': 0.2685840980476689, 'support': 14034.0}, 'accuracy': 0.6330944142362828, 'macro avg': {'precision': 0.5137793044999133, 'recall': 0.5165319894852697, 'f1-score': 0.5118565348895224, 'support': 64736.0}, 'weighted avg': {'precision': 0.6708386972272681, 'recall': 0.6330944142362828, 'f1-score': 0.6496517912247468, 'support': 64736.0}}"
0.716,15437.2841796875,0.5145368348607863,0.6322293623331685,0.5733830985969774,"{'Normal': {'precision': 0.7901061442871936, 'recall': 0.7223186462072502, 'f1-score': 0.7546932635440065, 'support': 50702.0}, 'Anomaly': {'precision': 0.2341710182767624, 'recall': 0.3067550235143224, 'f1-score': 0.26559318896909123, 'support': 14034.0}, 'accuracy': 0.6322293623331685, 'macro avg': {'precision': 0.512138581281978, 'recall': 0.5145368348607863, 'f1-score': 0.5101432262565488, 'support': 64736.0}, 'weighted avg': {'precision': 0.6695859768621073, 'recall': 0.6322293623331685, 'f1-score': 0.6486621456716578, 'support': 64736.0}}"
0.717,15437.2958984375,0.512256658147091,0.6312407315867523,0.5717486948669217,"{'Normal': {'precision': 0.7890167183729748, 'recall': 0.7223186462072502, 'f1-score': 0.7541959266047489, 'support': 50702.0}, 'Anomaly': {'precision': 0.23149563318777291, 'recall': 0.30219467008693174, 'f1-score': 0.2621623292328615, 'support': 14034.0}, 'accuracy': 0.6312407315867523, 'macro avg': {'precision': 0.5102561757803739, 'recall': 0.512256658147091, 'f1-score': 0.5081791279188052, 'support': 64736.0}, 'weighted avg': {'precision': 0.6681527337355379, 'recall': 0.6312407315867523, 'f1-score': 0.6475288556470582, 'support': 64736.0}}"
0.718,15437.314453125,0.5097983426276382,0.6301748640632724,0.5699866033454553,"{'Normal': {'precision': 0.7878455415725503, 'recall': 0.7223186462072502, 'f1-score': 0.7536604689927665, 'support': 50702.0}, 'Anomaly': {'precision': 0.22859021423483644, 'recall': 0.29727803904802624, 'f1-score': 0.25844819575654326, 'support': 14034.0}, 'accuracy': 0.6301748640632724, 'macro avg': {'precision': 0.5082178779036933, 'recall': 0.5097983426276382, 'f1-score': 0.5060543323746549, 'support': 64736.0}, 'weighted avg': {'precision': 0.6666055937250238, 'recall': 0.6301748640632724, 'f1-score': 0.6463042986610013, 'support': 64736.0}}"
0.719,15437.8916015625,0.5075181659139429,0.6291862333168562,0.5683521996153995,"{'Normal': {'precision': 0.7867623364626523, 'recall': 0.7223186462072502, 'f1-score': 0.7531644918818315, 'support': 50702.0}, 'Anomaly': {'precision': 0.22587562544674766, 'recall': 0.2927176856206356, 'f1-score': 0.2549889823407095, 'support': 14034.0}, 'accuracy': 0.6291862333168562, 'macro avg': {'precision': 0.5063189809547, 'recall': 0.5075181659139429, 'f1-score': 0.5040767371112705, 'support': 64736.0}, 'weighted avg': {'precision': 0.6651687239070849, 'recall': 0.6291862333168562, 'f1-score': 0.6451659269272452, 'support': 64736.0}}"
0.72,15437.8984375,0.5052023614390961,0.6281821552150272,0.5666922583270617,"{'Normal': {'precision': 0.7856652507830265, 'recall': 0.7223186462072502, 'f1-score': 0.7526614328579062, 'support': 50702.0}, 'Anomaly': {'precision': 0.22309899569583932, 'recall': 0.288086076670942, 'f1-score': 0.2514616245801717, 'support': 14034.0}, 'accuracy': 0.6281821552150272, 'macro avg': {'precision': 0.5043821232394329, 'recall': 0.5052023614390961, 'f1-score': 0.502061528719039, 'support': 64736.0}, 'weighted avg': {'precision': 0.6637075329151695, 'recall': 0.6281821552150272, 'f1-score': 0.644007235666703, 'support': 64736.0}}"
0.721,15444.43990722656,0.5031101850750815,0.6272862086010875,0.5651981968380846,"{'Normal': {'precision': 0.7846766936624244, 'recall': 0.7223383692950969, 'f1-score': 0.7522182057180414, 'support': 50702.0}, 'Anomaly': {'precision': 0.22057357989148488, 'recall': 0.28388200085506626, 'f1-score': 0.24825523429710866, 'support': 14034.0}, 'accuracy': 0.6272862086010875, 'macro avg': {'precision': 0.5026251367769546, 'recall': 0.5031101850750815, 'f1-score': 0.500236720007575, 'support': 64736.0}, 'weighted avg': {'precision': 0.6623858029885897, 'recall': 0.6272862086010875, 'f1-score': 0.642964987401782, 'support': 64736.0}}"
0.722,15446.015009765624,0.5007943806002347,0.6262821304992585,0.5635382555497466,"{'Normal': {'precision': 0.7835854425640257, 'recall': 0.7223383692950969, 'f1-score': 0.7517164232715181, 'support': 50702.0}, 'Anomaly': {'precision': 0.21775851530810691, 'recall': 0.27925039190537265, 'f1-score': 0.24470044644250882, 'support': 14034.0}, 'accuracy': 0.6262821304992585, 'macro avg': {'precision': 0.5006719789360663, 'recall': 0.5007943806002347, 'f1-score': 0.4982084348570135, 'support': 64736.0}, 'weighted avg': {'precision': 0.6609208494920168, 'recall': 0.6262821304992585, 'f1-score': 0.6418013494514132, 'support': 64736.0}}"
0.723,15446.135161132812,0.49847857612538793,0.6252780523974295,0.5618783142614088,"{'Normal': {'precision': 0.7824972224596188, 'recall': 0.7223383692950969, 'f1-score': 0.7512153098270876, 'support': 50702.0}, 'Anomaly': {'precision': 0.21492304260539818, 'recall': 0.27461878295567904, 'f1-score': 0.2411312019020209, 'support': 14034.0}, 'accuracy': 0.6252780523974295, 'macro avg': {'precision': 0.4987101325325085, 'recall': 0.49847857612538793, 'f1-score': 0.49617325586455424, 'support': 64736.0}, 'weighted avg': {'precision': 0.6594538456665804, 'recall': 0.6252780523974295, 'f1-score': 0.6406351014326798, 'support': 64736.0}}"
0.724,15446.162109375,0.4960915161282382,0.6242430795847751,0.5601672978565067,"{'Normal': {'precision': 0.7813786776471592, 'recall': 0.7223383692950969, 'f1-score': 0.7506994762895474, 'support': 50702.0}, 'Anomaly': {'precision': 0.211978729359082, 'recall': 0.2698446629613795, 'f1-score': 0.23743691024797015, 'support': 14034.0}, 'accuracy': 0.6242430795847751, 'macro avg': {'precision': 0.4966787035031206, 'recall': 0.4960915161282382, 'f1-score': 0.4940681932687587, 'support': 64736.0}, 'weighted avg': {'precision': 0.65793949582754, 'recall': 0.6242430795847751, 'f1-score': 0.639430215726221, 'support': 64736.0}}"
0.725,15446.181518554688,0.49388259493684583,0.6232853435491844,0.5585839692430151,"{'Normal': {'precision': 0.7803464513242282, 'recall': 0.7223383692950969, 'f1-score': 0.75022276847442, 'support': 50702.0}, 'Anomaly': {'precision': 0.20923439869684884, 'recall': 0.26542682057859485, 'f1-score': 0.23400446021924176, 'support': 14034.0}, 'accuracy': 0.6232853435491844, 'macro avg': {'precision': 0.4947904250105385, 'recall': 0.49388259493684583, 'f1-score': 0.4921136143468309, 'support': 64736.0}, 'weighted avg': {'precision': 0.6565361055108841, 'recall': 0.6232853435491844, 'f1-score': 0.6383127379187297, 'support': 64736.0}}"
0.726,15446.1826171875,0.4884671752418195,0.6209373455264459,0.5547022603841327,"{'Normal': {'precision': 0.7778273335457152, 'recall': 0.7223383692950969, 'f1-score': 0.7490566230685061, 'support': 50702.0}, 'Anomaly': {'precision': 0.20242479179649878, 'recall': 0.2545959811885421, 'f1-score': 0.2255325863973489, 'support': 14034.0}, 'accuracy': 0.6209373455264459, 'macro avg': {'precision': 0.490126062671107, 'recall': 0.4884671752418195, 'f1-score': 0.4872946047329275, 'support': 64736.0}, 'weighted avg': {'precision': 0.6530868603791848, 'recall': 0.6209373455264459, 'f1-score': 0.6355627969031109, 'support': 64736.0}}"
0.727,15446.1826171875,0.4884671752418195,0.6209373455264459,0.5547022603841327,"{'Normal': {'precision': 0.7778273335457152, 'recall': 0.7223383692950969, 'f1-score': 0.7490566230685061, 'support': 50702.0}, 'Anomaly': {'precision': 0.20242479179649878, 'recall': 0.2545959811885421, 'f1-score': 0.2255325863973489, 'support': 14034.0}, 'accuracy': 0.6209373455264459, 'macro avg': {'precision': 0.490126062671107, 'recall': 0.4884671752418195, 'f1-score': 0.4872946047329275, 'support': 64736.0}, 'weighted avg': {'precision': 0.6530868603791848, 'recall': 0.6209373455264459, 'f1-score': 0.6355627969031109, 'support': 64736.0}}"
0.728,15446.18359375,0.48173352838418804,0.6180177953534355,0.5498756618688118,"{'Normal': {'precision': 0.774717603756822, 'recall': 0.7223383692950969, 'f1-score': 0.747611659998367, 'support': 50702.0}, 'Anomaly': {'precision': 0.19379223456648723, 'recall': 0.24112868747327917, 'f1-score': 0.21488442976885955, 'support': 14034.0}, 'accuracy': 0.6180177953534355, 'macro avg': {'precision': 0.4842549191616546, 'recall': 0.48173352838418804, 'f1-score': 0.4812480448836133, 'support': 64736.0}, 'weighted avg': {'precision': 0.6487798468484997, 'recall': 0.6180177953534355, 'f1-score': 0.6321226901973149, 'support': 64736.0}}"
0.729,15446.18359375,0.48173352838418804,0.6180177953534355,0.5498756618688118,"{'Normal': {'precision': 0.774717603756822, 'recall': 0.7223383692950969, 'f1-score': 0.747611659998367, 'support': 50702.0}, 'Anomaly': {'precision': 0.19379223456648723, 'recall': 0.24112868747327917, 'f1-score': 0.21488442976885955, 'support': 14034.0}, 'accuracy': 0.6180177953534355, 'macro avg': {'precision': 0.4842549191616546, 'recall': 0.48173352838418804, 'f1-score': 0.4812480448836133, 'support': 64736.0}, 'weighted avg': {'precision': 0.6487798468484997, 'recall': 0.6180177953534355, 'f1-score': 0.6321226901973149, 'support': 64736.0}}"
0.73,15446.18359375,0.48173352838418804,0.6180177953534355,0.5498756618688118,"{'Normal': {'precision': 0.774717603756822, 'recall': 0.7223383692950969, 'f1-score': 0.747611659998367, 'support': 50702.0}, 'Anomaly': {'precision': 0.19379223456648723, 'recall': 0.24112868747327917, 'f1-score': 0.21488442976885955, 'support': 14034.0}, 'accuracy': 0.6180177953534355, 'macro avg': {'precision': 0.4842549191616546, 'recall': 0.48173352838418804, 'f1-score': 0.4812480448836133, 'support': 64736.0}, 'weighted avg': {'precision': 0.6487798468484997, 'recall': 0.6180177953534355, 'f1-score': 0.6321226901973149, 'support': 64736.0}}"
0.731,15446.1845703125,0.4760687143611012,0.6155616658428077,0.5458151901019545,"{'Normal': {'precision': 0.7721206754790968, 'recall': 0.7223383692950969, 'f1-score': 0.7464003668415957, 'support': 50702.0}, 'Anomaly': {'precision': 0.18638386406981447, 'recall': 0.2297990594271056, 'f1-score': 0.20582697769409963, 'support': 14034.0}, 'accuracy': 0.6155616658428077, 'macro avg': {'precision': 0.4792522697744556, 'recall': 0.4760687143611012, 'f1-score': 0.4761136722678477, 'support': 64736.0}, 'weighted avg': {'precision': 0.6451398547407461, 'recall': 0.6155616658428077, 'f1-score': 0.6292104424827234, 'support': 64736.0}}"
0.732,15446.1845703125,0.4760687143611012,0.6155616658428077,0.5458151901019545,"{'Normal': {'precision': 0.7721206754790968, 'recall': 0.7223383692950969, 'f1-score': 0.7464003668415957, 'support': 50702.0}, 'Anomaly': {'precision': 0.18638386406981447, 'recall': 0.2297990594271056, 'f1-score': 0.20582697769409963, 'support': 14034.0}, 'accuracy': 0.6155616658428077, 'macro avg': {'precision': 0.4792522697744556, 'recall': 0.4760687143611012, 'f1-score': 0.4761136722678477, 'support': 64736.0}, 'weighted avg': {'precision': 0.6451398547407461, 'recall': 0.6155616658428077, 'f1-score': 0.6292104424827234, 'support': 64736.0}}"
0.733,15446.185546875,0.4688719066085004,0.6124413000494315,0.5406566033289659,"{'Normal': {'precision': 0.7688464364437914, 'recall': 0.7223383692950969, 'f1-score': 0.7448671405473016, 'support': 50702.0}, 'Anomaly': {'precision': 0.17677328811180631, 'recall': 0.21540544392190394, 'f1-score': 0.19418660671270274, 'support': 14034.0}, 'accuracy': 0.6124413000494315, 'macro avg': {'precision': 0.47280986227779886, 'recall': 0.4688719066085004, 'f1-score': 0.4695268736300022, 'support': 64736.0}, 'weighted avg': {'precision': 0.6404919727189539, 'recall': 0.6124413000494315, 'f1-score': 0.6254861066274616, 'support': 64736.0}}"
0.734,15446.185546875,0.4688719066085004,0.6124413000494315,0.5406566033289659,"{'Normal': {'precision': 0.7688464364437914, 'recall': 0.7223383692950969, 'f1-score': 0.7448671405473016, 'support': 50702.0}, 'Anomaly': {'precision': 0.17677328811180631, 'recall': 0.21540544392190394, 'f1-score': 0.19418660671270274, 'support': 14034.0}, 'accuracy': 0.6124413000494315, 'macro avg': {'precision': 0.47280986227779886, 'recall': 0.4688719066085004, 'f1-score': 0.4695268736300022, 'support': 64736.0}, 'weighted avg': {'precision': 0.6404919727189539, 'recall': 0.6124413000494315, 'f1-score': 0.6254861066274616, 'support': 64736.0}}"
0.735,15446.185546875,0.4688719066085004,0.6124413000494315,0.5406566033289659,"{'Normal': {'precision': 0.7688464364437914, 'recall': 0.7223383692950969, 'f1-score': 0.7448671405473016, 'support': 50702.0}, 'Anomaly': {'precision': 0.17677328811180631, 'recall': 0.21540544392190394, 'f1-score': 0.19418660671270274, 'support': 14034.0}, 'accuracy': 0.6124413000494315, 'macro avg': {'precision': 0.47280986227779886, 'recall': 0.4688719066085004, 'f1-score': 0.4695268736300022, 'support': 64736.0}, 'weighted avg': {'precision': 0.6404919727189539, 'recall': 0.6124413000494315, 'f1-score': 0.6254861066274616, 'support': 64736.0}}"
0.736,15446.1865234375,0.46580791914947234,0.6111128274839347,0.5384603733167035,"{'Normal': {'precision': 0.7674608662852832, 'recall': 0.7223383692950969, 'f1-score': 0.7442162909076131, 'support': 50702.0}, 'Anomaly': {'precision': 0.1726124008228034, 'recall': 0.2092774690038478, 'f1-score': 0.1891848368707527, 'support': 14034.0}, 'accuracy': 0.6111128274839347, 'macro avg': {'precision': 0.4700366335540433, 'recall': 0.46580791914947234, 'f1-score': 0.4667005638891829, 'support': 64736.0}, 'weighted avg': {'precision': 0.6385047465945325, 'recall': 0.6111128274839347, 'f1-score': 0.623892028890292, 'support': 64736.0}}"
0.737,15446.1865234375,0.46580791914947234,0.6111128274839347,0.5384603733167035,"{'Normal': {'precision': 0.7674608662852832, 'recall': 0.7223383692950969, 'f1-score': 0.7442162909076131, 'support': 50702.0}, 'Anomaly': {'precision': 0.1726124008228034, 'recall': 0.2092774690038478, 'f1-score': 0.1891848368707527, 'support': 14034.0}, 'accuracy': 0.6111128274839347, 'macro avg': {'precision': 0.4700366335540433, 'recall': 0.46580791914947234, 'f1-score': 0.4667005638891829, 'support': 64736.0}, 'weighted avg': {'precision': 0.6385047465945325, 'recall': 0.6111128274839347, 'f1-score': 0.623892028890292, 'support': 64736.0}}"
0.738,15446.20201171875,0.4638840200472919,0.6102786702916461,0.5370813451694689,"{'Normal': {'precision': 0.7665934065934066, 'recall': 0.7223383692950969, 'f1-score': 0.7438081988687714, 'support': 50702.0}, 'Anomaly': {'precision': 0.1699781852485113, 'recall': 0.20542967079948696, 'f1-score': 0.18603000483949025, 'support': 14034.0}, 'accuracy': 0.6102786702916461, 'macro avg': {'precision': 0.4682857959209589, 'recall': 0.4638840200472919, 'f1-score': 0.4649191018541308, 'support': 64736.0}, 'weighted avg': {'precision': 0.637254275100045, 'recall': 0.6102786702916461, 'f1-score': 0.6228884760714571, 'support': 64736.0}}"
0.739,15446.2119140625,0.46146133228899067,0.6092282501235788,0.5353447912062848,"{'Normal': {'precision': 0.7655038354618231, 'recall': 0.7223383692950969, 'f1-score': 0.7432949413973312, 'support': 50702.0}, 'Anomaly': {'precision': 0.1666370686082993, 'recall': 0.20058429528288443, 'f1-score': 0.182041581789375, 'support': 14034.0}, 'accuracy': 0.6092282501235788, 'macro avg': {'precision': 0.4660704520350612, 'recall': 0.46146133228899067, 'f1-score': 0.4626682615933531, 'support': 64736.0}, 'weighted avg': {'precision': 0.6356765955022587, 'recall': 0.6092282501235788, 'f1-score': 0.6216218437586438, 'support': 64736.0}}"
0.74,15446.220703125,0.45907427229184083,0.6081932773109243,0.5336337748013826,"{'Normal': {'precision': 0.7644333124608641, 'recall': 0.7223383692950969, 'f1-score': 0.7427899241471626, 'support': 50702.0}, 'Anomaly': {'precision': 0.1633186734815167, 'recall': 0.19581017528858485, 'f1-score': 0.1780946208684381, 'support': 14034.0}, 'accuracy': 0.6081932773109243, 'macro avg': {'precision': 0.4638759929711904, 'recall': 0.45907427229184083, 'f1-score': 0.46044227250780034, 'support': 64736.0}, 'weighted avg': {'precision': 0.6341187603810914, 'recall': 0.6081932773109243, 'f1-score': 0.6203706537842484, 'support': 64736.0}}"
0.741,15446.228515625,0.4567584678169941,0.6071891992090954,0.5319738335130447,"{'Normal': {'precision': 0.7633976029181866, 'recall': 0.7223383692950969, 'f1-score': 0.7423006374332418, 'support': 50702.0}, 'Anomaly': {'precision': 0.16007398126603425, 'recall': 0.19117856633889127, 'f1-score': 0.17424906640688423, 'support': 14034.0}, 'accuracy': 0.6071891992090954, 'macro avg': {'precision': 0.4617357920921104, 'recall': 0.4567584678169941, 'f1-score': 0.458274851920063, 'support': 64736.0}, 'weighted avg': {'precision': 0.6326041694921747, 'recall': 0.6071891992090954, 'f1-score': 0.6191537678740491, 'support': 64736.0}}"
0.742,15446.2353515625,0.4544426633421473,0.6061851211072664,0.5303138922247068,"{'Normal': {'precision': 0.7623646960865945, 'recall': 0.7223383692950969, 'f1-score': 0.741811994895789, 'support': 50702.0}, 'Anomaly': {'precision': 0.1568040249161476, 'recall': 0.18654695738919766, 'f1-score': 0.1703872437357631, 'support': 14034.0}, 'accuracy': 0.6061851211072664, 'macro avg': {'precision': 0.4595843605013711, 'recall': 0.4544426633421473, 'f1-score': 0.45609961931577603, 'support': 64736.0}, 'weighted avg': {'precision': 0.6310862967538268, 'recall': 0.6061851211072664, 'f1-score': 0.6179338597348306, 'support': 64736.0}}"
0.743,15446.2421875,0.45230499767305793,0.6052582797825012,0.5287816387277796,"{'Normal': {'precision': 0.7614137214137214, 'recall': 0.7223383692950969, 'f1-score': 0.7413615109005891, 'support': 50702.0}, 'Anomaly': {'precision': 0.15376292377975476, 'recall': 0.18227162605101896, 'f1-score': 0.1668079556569938, 'support': 14034.0}, 'accuracy': 0.6052582797825012, 'macro avg': {'precision': 0.4575883225967381, 'recall': 0.45230499767305793, 'f1-score': 0.45408473327879145, 'support': 64736.0}, 'weighted avg': {'precision': 0.6296822073567038, 'recall': 0.6052582797825012, 'f1-score': 0.6168050879784343, 'support': 64736.0}}"
0.744,15446.25,0.4497754266313022,0.6041615175481958,0.526968472089749,"{'Normal': {'precision': 0.7602914616678085, 'recall': 0.7223383692950969, 'f1-score': 0.7408291444580422, 'support': 50702.0}, 'Anomaly': {'precision': 0.1501358285541805, 'recall': 0.1772124839675075, 'f1-score': 0.16255433184090984, 'support': 14034.0}, 'accuracy': 0.6041615175481958, 'macro avg': {'precision': 0.4552136451109945, 'recall': 0.4497754266313022, 'f1-score': 0.451691738149476, 'support': 64736.0}, 'weighted avg': {'precision': 0.6280169288712709, 'recall': 0.6041615175481958, 'f1-score': 0.6154659969007504, 'support': 64736.0}}"
0.745,15446.255859375,0.4473883666341524,0.6031265447355413,0.5252574556848468,"{'Normal': {'precision': 0.7592354575231146, 'recall': 0.7223383692950969, 'f1-score': 0.7403274711946635, 'support': 50702.0}, 'Anomaly': {'precision': 0.14668444659958782, 'recall': 0.17243836397320791, 'f1-score': 0.15852220620987817, 'support': 14034.0}, 'accuracy': 0.6031265447355413, 'macro avg': {'precision': 0.4529599520613512, 'recall': 0.4473883666341524, 'f1-score': 0.4494248387022708, 'support': 64736.0}, 'weighted avg': {'precision': 0.6264416351167137, 'recall': 0.6031265447355413, 'f1-score': 0.6141989632733139, 'support': 64736.0}}"
0.746,15446.2626953125,0.4451438176816086,0.6021533613445378,0.5236485895130731,"{'Normal': {'precision': 0.7582451709074346, 'recall': 0.7223383692950969, 'f1-score': 0.7398563679888488, 'support': 50702.0}, 'Anomaly': {'precision': 0.14341344691207789, 'recall': 0.16794926606812027, 'f1-score': 0.15471462798253963, 'support': 14034.0}, 'accuracy': 0.6021533613445378, 'macro avg': {'precision': 0.45082930890975625, 'recall': 0.4451438176816086, 'f1-score': 0.4472854979856942, 'support': 64736.0}, 'weighted avg': {'precision': 0.6249569168517185, 'recall': 0.6021533613445378, 'f1-score': 0.6130045517004075, 'support': 64736.0}}"
0.747,15446.26953125,0.4429348964902162,0.6011956253089471,0.5220652608995817,"{'Normal': {'precision': 0.7572731220147634, 'recall': 0.7223383692950969, 'f1-score': 0.7393933276131832, 'support': 50702.0}, 'Anomaly': {'precision': 0.14016979173028768, 'recall': 0.1635314236853356, 'f1-score': 0.15095208340184826, 'support': 14034.0}, 'accuracy': 0.6011956253089471, 'macro avg': {'precision': 0.4487214568725255, 'recall': 0.4429348964902162, 'f1-score': 0.44517270550751575, 'support': 64736.0}, 'weighted avg': {'precision': 0.6234924105526352, 'recall': 0.6011956253089471, 'f1-score': 0.6118262177938883, 'support': 64736.0}}"
0.748,15446.2763671875,0.4406190920153694,0.6001915472071181,0.5204053196112437,"{'Normal': {'precision': 0.75625671099364, 'recall': 0.7223383692950969, 'f1-score': 0.7389085039846666, 'support': 50702.0}, 'Anomaly': {'precision': 0.13674270296786853, 'recall': 0.15889981473564202, 'f1-score': 0.1469909696130776, 'support': 14034.0}, 'accuracy': 0.6001915472071181, 'macro avg': {'precision': 0.44649970698075425, 'recall': 0.4406190920153694, 'f1-score': 0.44294973679887206, 'support': 64736.0}, 'weighted avg': {'precision': 0.6219533930772769, 'recall': 0.6001915472071181, 'f1-score': 0.6105877755279984, 'support': 64736.0}}"
0.749,15446.2841796875,0.43837454306282564,0.5992183638161147,0.5187964534394702,"{'Normal': {'precision': 0.755274174589099, 'recall': 0.7223383692950969, 'f1-score': 0.7384392043793413, 'support': 50702.0}, 'Anomaly': {'precision': 0.13339489073561095, 'recall': 0.15441071683055438, 'f1-score': 0.1431355064566201, 'support': 14034.0}, 'accuracy': 0.5992183638161147, 'macro avg': {'precision': 0.44433453266235495, 'recall': 0.43837454306282564, 'f1-score': 0.4407873554179807, 'support': 64736.0}, 'weighted avg': {'precision': 0.6204580928169806, 'recall': 0.5992183638161147, 'f1-score': 0.6093843956693891, 'support': 64736.0}}"
0.75,15446.2939453125,0.4358805997822214,0.598137048937222,0.5170088243597217,"{'Normal': {'precision': 0.7541854574658676, 'recall': 0.7223383692950969, 'f1-score': 0.737918459043148, 'support': 50702.0}, 'Anomaly': {'precision': 0.12964451313755795, 'recall': 0.14942283026934589, 'f1-score': 0.13883279817272998, 'support': 14034.0}, 'accuracy': 0.598137048937222, 'macro avg': {'precision': 0.4419149853017128, 'recall': 0.4358805997822214, 'f1-score': 0.438375628607939, 'support': 64736.0}, 'weighted avg': {'precision': 0.6187923591480305, 'recall': 0.598137048937222, 'f1-score': 0.6080437654467651, 'support': 64736.0}}"
0.751,15446.2998046875,0.43374293411313203,0.5972102076124568,0.5154765708627944,"{'Normal': {'precision': 0.7532547664589375, 'recall': 0.7223383692950969, 'f1-score': 0.7374726901120586, 'support': 50702.0}, 'Anomaly': {'precision': 0.126403971455166, 'recall': 0.14514749893116716, 'f1-score': 0.1351288599953564, 'support': 14034.0}, 'accuracy': 0.5972102076124568, 'macro avg': {'precision': 0.43982936895705177, 'recall': 0.43374293411313203, 'f1-score': 0.4363007750537075, 'support': 64736.0}, 'weighted avg': {'precision': 0.6173609198035536, 'recall': 0.5972102076124568, 'f1-score': 0.6068916639155405, 'support': 64736.0}}"
0.752,15446.30859375,0.43146275739943674,0.5962215768660405,0.5138421671327387,"{'Normal': {'precision': 0.7522645578720345, 'recall': 0.7223383692950969, 'f1-score': 0.736997796492499, 'support': 50702.0}, 'Anomaly': {'precision': 0.1229206902996698, 'recall': 0.14058714550377654, 'f1-score': 0.13116170849260428, 'support': 14034.0}, 'accuracy': 0.5962215768660405, 'macro avg': {'precision': 0.43759262408585214, 'recall': 0.43146275739943674, 'f1-score': 0.4340797524925516, 'support': 64736.0}, 'weighted avg': {'precision': 0.6158302425372817, 'recall': 0.5962215768660405, 'f1-score': 0.6056596900449193, 'support': 64736.0}}"
0.753,15446.318359375,0.4290756974022869,0.5951866040533861,0.5121311507278365,"{'Normal': {'precision': 0.751230718739744, 'recall': 0.7223383692950969, 'f1-score': 0.7365012970820681, 'support': 50702.0}, 'Anomaly': {'precision': 0.11924424424424425, 'recall': 0.135813025509477, 'f1-score': 0.1269904723832367, 'support': 14034.0}, 'accuracy': 0.5951866040533861, 'macro avg': {'precision': 0.43523748149199415, 'recall': 0.4290756974022869, 'f1-score': 0.4317458847326524, 'support': 64736.0}, 'weighted avg': {'precision': 0.6142235174441767, 'recall': 0.5951866040533861, 'f1-score': 0.6043665511320033, 'support': 64736.0}}"
0.754,15446.3251953125,0.4268311484497431,0.5942134206623826,0.5105222845560629,"{'Normal': {'precision': 0.7502611902079279, 'recall': 0.7223383692950969, 'f1-score': 0.7360350492880613, 'support': 50702.0}, 'Anomaly': {'precision': 0.11575906036053012, 'recall': 0.13132392760438935, 'f1-score': 0.12305124353196462, 'support': 14034.0}, 'accuracy': 0.5942134206623826, 'macro avg': {'precision': 0.433010125284229, 'recall': 0.4268311484497431, 'f1-score': 0.42954314641001295, 'support': 64736.0}, 'weighted avg': {'precision': 0.6127086245523672, 'recall': 0.5942134206623826, 'f1-score': 0.6031474020750568, 'support': 64736.0}}"
0.755,15446.333984375,0.4245153439748963,0.5932093425605537,0.5088623432677251,"{'Normal': {'precision': 0.7492635024549918, 'recall': 0.7223383692950969, 'f1-score': 0.7355546183045129, 'support': 50702.0}, 'Anomaly': {'precision': 0.11213420787083754, 'recall': 0.12669231865469574, 'f1-score': 0.11896955503512881, 'support': 14034.0}, 'accuracy': 0.5932093425605537, 'macro avg': {'precision': 0.4306988551629147, 'recall': 0.4245153439748963, 'f1-score': 0.42726208666982085, 'support': 64736.0}, 'weighted avg': {'precision': 0.6111413985221875, 'recall': 0.5932093425605537, 'f1-score': 0.6018862610083788, 'support': 64736.0}}"
0.756,15446.341796875,0.42180763412738315,0.5920353435491844,0.5069214888382838,"{'Normal': {'precision': 0.7481003349946891, 'recall': 0.7223383692950969, 'f1-score': 0.7349936783800598, 'support': 50702.0}, 'Anomaly': {'precision': 0.10785804816223067, 'recall': 0.12127689895966938, 'f1-score': 0.11417454886965855, 'support': 14034.0}, 'accuracy': 0.5920353435491844, 'macro avg': {'precision': 0.42797919157845987, 'recall': 0.42180763412738315, 'f1-score': 0.42458411362485915, 'support': 64736.0}, 'weighted avg': {'precision': 0.6093033711197706, 'recall': 0.5920353435491844, 'f1-score': 0.6004074255447137, 'support': 64736.0}}"
0.757,15446.3486328125,0.41949182965253634,0.5910312654473554,0.5052615475499459,"{'Normal': {'precision': 0.7471083821219477, 'recall': 0.7223383692950969, 'f1-score': 0.7345146054571162, 'support': 50702.0}, 'Anomaly': {'precision': 0.10416799236398346, 'recall': 0.11664529000997577, 'f1-score': 0.11005411946620054, 'support': 14034.0}, 'accuracy': 0.5910312654473554, 'macro avg': {'precision': 0.4256381872429656, 'recall': 0.41949182965253634, 'f1-score': 0.4222843624616584, 'support': 64736.0}, 'weighted avg': {'precision': 0.6077265014085383, 'recall': 0.5910312654473554, 'f1-score': 0.5991389495562803, 'support': 64736.0}}"
0.758,15446.35546875,0.4176035583115074,0.5902125556104795,0.5039080569609935,"{'Normal': {'precision': 0.7463015038513265, 'recall': 0.7223383692950969, 'f1-score': 0.7341244387427839, 'support': 50702.0}, 'Anomaly': {'precision': 0.10113650874728643, 'recall': 0.11286874732791792, 'f1-score': 0.10668103448275862, 'support': 14034.0}, 'accuracy': 0.5902125556104795, 'macro avg': {'precision': 0.4237190062993065, 'recall': 0.4176035583115074, 'f1-score': 0.4204027366127713, 'support': 64736.0}, 'weighted avg': {'precision': 0.6064373549806812, 'recall': 0.5902125556104795, 'f1-score': 0.5981021214018114, 'support': 64736.0}}"
0.759,15446.3671875,0.4152877538366606,0.5892084775086506,0.5022481156726556,"{'Normal': {'precision': 0.745314312460571, 'recall': 0.7223383692950969, 'f1-score': 0.7336464979317114, 'support': 50702.0}, 'Anomaly': {'precision': 0.09739052381868309, 'recall': 0.10823713837822431, 'f1-score': 0.10252775809118828, 'support': 14034.0}, 'accuracy': 0.5892084775086506, 'macro avg': {'precision': 0.42135241813962704, 'recall': 0.4152877538366606, 'f1-score': 0.41808712801144987, 'support': 64736.0}, 'weighted avg': {'precision': 0.6048520897436862, 'recall': 0.5892084775086506, 'f1-score': 0.5968274112578066, 'support': 64736.0}}"
0.76,15446.37890625,0.41311446040641975,0.5882661888284726,0.5006903246174461,"{'Normal': {'precision': 0.744390243902439, 'recall': 0.7223383692950969, 'f1-score': 0.7331985345638726, 'support': 50702.0}, 'Anomaly': {'precision': 0.09384654994850669, 'recall': 0.10389055151774262, 'f1-score': 0.09861345958741968, 'support': 14034.0}, 'accuracy': 0.5882661888284726, 'macro avg': {'precision': 0.41911839692547287, 'recall': 0.41311446040641975, 'f1-score': 0.4159059970756461, 'support': 64736.0}, 'weighted avg': {'precision': 0.6033600566658243, 'recall': 0.5882661888284726, 'f1-score': 0.5956279873842579, 'support': 64736.0}}"
0.761,15446.391928710938,0.41083428369272446,0.5872775580820564,0.4990559208873904,"{'Normal': {'precision': 0.7434231893471906, 'recall': 0.7223383692950969, 'f1-score': 0.7327291279034872, 'support': 50702.0}, 'Anomaly': {'precision': 0.09009824198552223, 'recall': 0.099330198090352, 'f1-score': 0.09448925642242256, 'support': 14034.0}, 'accuracy': 0.5872775580820564, 'macro avg': {'precision': 0.4167607156663564, 'recall': 0.41083428369272446, 'f1-score': 0.4136091921629549, 'support': 64736.0}, 'weighted avg': {'precision': 0.6017900592298888, 'recall': 0.5872775580820564, 'f1-score': 0.5943662640199407, 'support': 64736.0}}"
0.762,15446.413154296875,0.40851847921787765,0.5862734799802274,0.4973959795990525,"{'Normal': {'precision': 0.7424435930183056, 'recall': 0.7223383692950969, 'f1-score': 0.7322530015695135, 'support': 50702.0}, 'Anomaly': {'precision': 0.08625949243850198, 'recall': 0.0946985891406584, 'f1-score': 0.09028225943412248, 'support': 14034.0}, 'accuracy': 0.5862734799802274, 'macro avg': {'precision': 0.4143515427284038, 'recall': 0.40851847921787765, 'f1-score': 0.41126763050181797, 'support': 64736.0}, 'weighted avg': {'precision': 0.6001906322617411, 'recall': 0.5862734799802274, 'f1-score': 0.5930813290051277, 'support': 64736.0}}"
0.763,15446.4375,0.40616704698187933,0.5852539545229857,0.4957105007524325,"{'Normal': {'precision': 0.741451563923474, 'recall': 0.7223383692950969, 'f1-score': 0.7317701829225651, 'support': 50702.0}, 'Anomaly': {'precision': 0.08232840101688287, 'recall': 0.08999572466866182, 'f1-score': 0.08599148936170213, 'support': 14034.0}, 'accuracy': 0.5852539545229857, 'macro avg': {'precision': 0.41188998247017844, 'recall': 0.40616704698187933, 'f1-score': 0.4088808361421336, 'support': 64736.0}, 'weighted avg': {'precision': 0.5985614491769481, 'recall': 0.5852539545229857, 'f1-score': 0.5917729914767985, 'support': 64736.0}}"
0.764,15446.5009765625,0.4038512425070325,0.5842498764211567,0.4940505594640946,"{'Normal': {'precision': 0.7404771532551557, 'recall': 0.7223383692950969, 'f1-score': 0.7312953016113896, 'support': 50702.0}, 'Anomaly': {'precision': 0.07842367111809374, 'recall': 0.08536411571896822, 'f1-score': 0.08174684408051859, 'support': 14034.0}, 'accuracy': 0.5842498764211567, 'macro avg': {'precision': 0.40945041218662476, 'recall': 0.4038512425070325, 'f1-score': 0.40652107284595407, 'support': 64736.0}, 'weighted avg': {'precision': 0.5969517799186578, 'recall': 0.5842498764211567, 'f1-score': 0.5904808698734347, 'support': 64736.0}}"
0.765,15446.56640625,0.4013572992264283,0.5831685615422639,0.4922629303843461,"{'Normal': {'precision': 0.7394306480920654, 'recall': 0.7223383692950969, 'f1-score': 0.7307845797749222, 'support': 50702.0}, 'Anomaly': {'precision': 0.07418124424569249, 'recall': 0.08037622915775973, 'f1-score': 0.07715458276333789, 'support': 14034.0}, 'accuracy': 0.5831685615422639, 'macro avg': {'precision': 0.40680594616887894, 'recall': 0.4013572992264283, 'f1-score': 0.40396958126913, 'support': 64736.0}, 'weighted avg': {'precision': 0.5952124366860472, 'recall': 0.5831685615422639, 'f1-score': 0.5890853184974171, 'support': 64736.0}}"
0.766,15446.669921875,0.39925526131849043,0.5822571675729116,0.490756214445701,"{'Normal': {'precision': 0.7385508883018411, 'recall': 0.7223383692950969, 'f1-score': 0.7303546679163634, 'support': 50702.0}, 'Anomaly': {'precision': 0.07057503135934509, 'recall': 0.076172153341884, 'f1-score': 0.073266851718584, 'support': 14034.0}, 'accuracy': 0.5822571675729116, 'macro avg': {'precision': 0.4045629598305931, 'recall': 0.39925526131849043, 'f1-score': 0.4018107598174737, 'support': 64736.0}, 'weighted avg': {'precision': 0.5937416140752749, 'recall': 0.5822571675729116, 'f1-score': 0.5879057922904422, 'support': 64736.0}}"
0.767,15446.720454101562,0.3970107123659466,0.5812839841819081,0.48914734827392736,"{'Normal': {'precision': 0.7376137919922662, 'recall': 0.7223383692950969, 'f1-score': 0.7298961675668135, 'support': 50702.0}, 'Anomaly': {'precision': 0.06669318483160966, 'recall': 0.07168305543679636, 'f1-score': 0.06909815234562813, 'support': 14034.0}, 'accuracy': 0.5812839841819081, 'macro avg': {'precision': 0.40215348841193793, 'recall': 0.3970107123659466, 'f1-score': 0.3994971599562208, 'support': 64736.0}, 'weighted avg': {'precision': 0.5921661307080864, 'recall': 0.5812839841819081, 'f1-score': 0.586642964625419, 'support': 64736.0}}"
0.768,15453.8815625,0.39505882233169826,0.5805270637666832,0.48779294304919074,"{'Normal': {'precision': 0.7368103465615383, 'recall': 0.7224961539978699, 'f1-score': 0.729583047032932, 'support': 50702.0}, 'Anomaly': {'precision': 0.06318663026832678, 'recall': 0.06762149066552658, 'f1-score': 0.06532888169896396, 'support': 14034.0}, 'accuracy': 0.5805270637666832, 'macro avg': {'precision': 0.3999984884149326, 'recall': 0.39505882233169826, 'f1-score': 0.397455964365948, 'support': 64736.0}, 'weighted avg': {'precision': 0.5907766831523235, 'recall': 0.5805270637666832, 'f1-score': 0.5855805915785186, 'support': 64736.0}}"
0.769,15455.208017578125,0.395654333381639,0.5815002471576866,0.4885772902696628,"{'Normal': {'precision': 0.737133903820658, 'recall': 0.7237584316200545, 'f1-score': 0.730384936905378, 'support': 50702.0}, 'Anomaly': {'precision': 0.06339440952253578, 'recall': 0.0675502351432236, 'f1-score': 0.06540637505174555, 'support': 14034.0}, 'accuracy': 0.5815002471576866, 'macro avg': {'precision': 0.40026415667159687, 'recall': 0.395654333381639, 'f1-score': 0.39789565597856175, 'support': 64736.0}, 'weighted avg': {'precision': 0.5910751411077959, 'recall': 0.5815002471576866, 'f1-score': 0.5862254408436213, 'support': 64736.0}}"
0.77,15473.65615234375,0.39592155775213284,0.5822417202174988,0.4890816389848158,"{'Normal': {'precision': 0.737310917626289, 'recall': 0.7248629245394659, 'f1-score': 0.7310339340414529, 'support': 50702.0}, 'Anomaly': {'precision': 0.0631296171927468, 'recall': 0.06698019096479978, 'f1-score': 0.0649979255981192, 'support': 14034.0}, 'accuracy': 0.5822417202174988, 'macro avg': {'precision': 0.4002202674095179, 'recall': 0.39592155775213284, 'f1-score': 0.39801592981978606, 'support': 64736.0}, 'weighted avg': {'precision': 0.591156376562826, 'recall': 0.5822417202174988, 'f1-score': 0.5866451960518684, 'support': 64736.0}}"
0.771,15480.335283203125,0.3958802185310263,0.5827823776569452,0.48933129809398573,"{'Normal': {'precision': 0.7373524874276212, 'recall': 0.7258490789317975, 'f1-score': 0.7315555643902876, 'support': 50702.0}, 'Anomaly': {'precision': 0.06239460370994941, 'recall': 0.0659113581302551, 'f1-score': 0.06410478533559721, 'support': 14034.0}, 'accuracy': 0.5827823776569452, 'macro avg': {'precision': 0.3998735455687853, 'recall': 0.3958802185310263, 'f1-score': 0.39783017486294237, 'support': 64736.0}, 'weighted avg': {'precision': 0.5910295922828206, 'recall': 0.5827823776569452, 'f1-score': 0.5868601208464553, 'support': 64736.0}}"
0.772,15481.2583203125,0.3964757295809671,0.5837555610479486,0.49011564531445784,"{'Normal': {'precision': 0.7376740835601089, 'recall': 0.7271113565539821, 'f1-score': 0.7323546355708298, 'support': 50702.0}, 'Anomaly': {'precision': 0.06260162601626017, 'recall': 0.06584010260795212, 'f1-score': 0.06418003750781413, 'support': 14034.0}, 'accuracy': 0.5837555610479486, 'macro avg': {'precision': 0.40013785478818453, 'recall': 0.3964757295809671, 'f1-score': 0.39826733653932195, 'support': 64736.0}, 'weighted avg': {'precision': 0.5913263501633841, 'recall': 0.5837555610479486, 'f1-score': 0.5875022766172898, 'support': 64736.0}}"
0.773,15481.55078125,0.39713645302382933,0.5847905338606031,0.49096349344221624,"{'Normal': {'precision': 0.7380252982435106, 'recall': 0.7284328034397065, 'f1-score': 0.7331976773040846, 'support': 50702.0}, 'Anomaly': {'precision': 0.06288708909004288, 'recall': 0.06584010260795212, 'f1-score': 0.06432972464928464, 'support': 14034.0}, 'accuracy': 0.5847905338606031, 'macro avg': {'precision': 0.40045619366677676, 'recall': 0.39713645302382933, 'f1-score': 0.3987637009766846, 'support': 64736.0}, 'weighted avg': {'precision': 0.5916633106746191, 'recall': 0.5847905338606031, 'f1-score': 0.5881950072664321, 'support': 64736.0}}"
0.774,15481.820205078126,0.39774786874707496,0.5857482698961938,0.4917480693216344,"{'Normal': {'precision': 0.7383494661211456, 'recall': 0.7296556348861978, 'f1-score': 0.733976807166169, 'support': 50702.0}, 'Anomaly': {'precision': 0.06315357801927414, 'recall': 0.06584010260795212, 'f1-score': 0.06446886446886448, 'support': 14034.0}, 'accuracy': 0.5857482698961938, 'macro avg': {'precision': 0.40075152207020986, 'recall': 0.39774786874707496, 'f1-score': 0.3992228358175167, 'support': 64736.0}, 'weighted avg': {'precision': 0.5919749744376671, 'recall': 0.5857482698961938, 'f1-score': 0.588835394848232, 'support': 64736.0}}"
0.775,15547.98486328125,0.3980704439665669,0.5865360850222442,0.49230326449440553,"{'Normal': {'precision': 0.7385489336256728, 'recall': 0.7307995739813025, 'f1-score': 0.7346538187009279, 'support': 50702.0}, 'Anomaly': {'precision': 0.06295482630784018, 'recall': 0.06534131395183126, 'f1-score': 0.06412587412587413, 'support': 14034.0}, 'accuracy': 0.5865360850222442, 'macro avg': {'precision': 0.4007518799667565, 'recall': 0.3980704439665669, 'f1-score': 0.39938984641340103, 'support': 64736.0}, 'weighted avg': {'precision': 0.5920881127207904, 'recall': 0.5865360850222442, 'f1-score': 0.5892912820263372, 'support': 64736.0}}"
0.776,15548.462265625,0.3987114443215825,0.5875401631240732,0.4931258037228279,"{'Normal': {'precision': 0.7388872300189111, 'recall': 0.7320815746913337, 'f1-score': 0.7354686586682783, 'support': 50702.0}, 'Anomaly': {'precision': 0.06323701813668023, 'recall': 0.06534131395183126, 'f1-score': 0.0642719467320834, 'support': 14034.0}, 'accuracy': 0.5875401631240732, 'macro avg': {'precision': 0.4010621240777957, 'recall': 0.3987114443215825, 'f1-score': 0.3998703027001808, 'support': 64736.0}, 'weighted avg': {'precision': 0.5924142463072942, 'recall': 0.5875401631240732, 'f1-score': 0.5899611411307016, 'support': 64736.0}}"
0.777,15548.864536132813,0.3993524446765981,0.5885442412259021,0.4939483429512501,"{'Normal': {'precision': 0.7392246520874751, 'recall': 0.7333635754013649, 'f1-score': 0.7362824498524781, 'support': 50702.0}, 'Anomaly': {'precision': 0.06352175117761152, 'recall': 0.06534131395183126, 'f1-score': 0.06441868633649456, 'support': 14034.0}, 'accuracy': 0.5885442412259021, 'macro avg': {'precision': 0.4013732016325433, 'recall': 0.3993524446765981, 'f1-score': 0.4003505680944863, 'support': 64736.0}, 'weighted avg': {'precision': 0.5927402460171429, 'recall': 0.5885442412259021, 'f1-score': 0.5906303234130423, 'support': 64736.0}}"
0.778,15549.438564453125,0.3999835834876903,0.5895328719723183,0.49475822773000433,"{'Normal': {'precision': 0.739556032086411, 'recall': 0.7346258530235493, 'f1-score': 0.7370826984346862, 'support': 50702.0}, 'Anomaly': {'precision': 0.06380462009462845, 'recall': 0.06534131395183126, 'f1-score': 0.0645638245441104, 'support': 14034.0}, 'accuracy': 0.5895328719723183, 'macro avg': {'precision': 0.40168032609051973, 'recall': 0.3999835834876903, 'f1-score': 0.4008232614893983, 'support': 64736.0}, 'weighted avg': {'precision': 0.5930611093866353, 'recall': 0.5895328719723183, 'f1-score': 0.5912885518056028, 'support': 64736.0}}"
0.779,15647.451171875,0.3984706818308852,0.5891003460207612,0.4937855139258232,"{'Normal': {'precision': 0.7389554251269036, 'recall': 0.735020314780482, 'f1-score': 0.7369826171218383, 'support': 50702.0}, 'Anomaly': {'precision': 0.060752237136465326, 'recall': 0.0619210488812883, 'f1-score': 0.06133107488178418, 'support': 14034.0}, 'accuracy': 0.5891003460207612, 'macro avg': {'precision': 0.3998538311316845, 'recall': 0.3984706818308852, 'f1-score': 0.3991568460018112, 'support': 64736.0}, 'weighted avg': {'precision': 0.5919289863562379, 'recall': 0.5891003460207612, 'f1-score': 0.5905093450043625, 'support': 64736.0}}"
0.78,15647.76552734375,0.3962617606394928,0.5881426099851705,0.4922021853123317,"{'Normal': {'precision': 0.7380480849209807, 'recall': 0.735020314780482, 'f1-score': 0.7365310881853038, 'support': 50702.0}, 'Anomaly': {'precision': 0.05666338997331835, 'recall': 0.057503206498503635, 'f1-score': 0.057080209364832366, 'support': 14034.0}, 'accuracy': 0.5881426099851705, 'macro avg': {'precision': 0.3973557374471495, 'recall': 0.3962617606394928, 'f1-score': 0.3968056487750681, 'support': 64736.0}, 'weighted avg': {'precision': 0.5903319330287492, 'recall': 0.5881426099851705, 'f1-score': 0.5892341647830778, 'support': 64736.0}}"
0.781,15647.8388671875,0.3936609340754341,0.5870149530400396,0.49033794355773686,"{'Normal': {'precision': 0.7369826171218383, 'recall': 0.735020314780482, 'f1-score': 0.7360001579950429, 'support': 50702.0}, 'Anomaly': {'precision': 0.05180323240877973, 'recall': 0.0523015533703862, 'f1-score': 0.05205120022692621, 'support': 14034.0}, 'accuracy': 0.5870149530400396, 'macro avg': {'precision': 0.394392924765309, 'recall': 0.3936609340754341, 'f1-score': 0.3940256791109846, 'support': 64736.0}, 'weighted avg': {'precision': 0.5884438213194554, 'recall': 0.5870149530400396, 'f1-score': 0.5877281042178905, 'support': 64736.0}}"
0.782,15647.8759765625,0.39159452392864774,0.5861190064260998,0.48885676517737375,"{'Normal': {'precision': 0.7361382716049383, 'recall': 0.735020314780482, 'f1-score': 0.7355788684161181, 'support': 50702.0}, 'Anomaly': {'precision': 0.04790588902274821, 'recall': 0.04816873307681345, 'f1-score': 0.04803695150115474, 'support': 14034.0}, 'accuracy': 0.5861190064260998, 'macro avg': {'precision': 0.3920220803138432, 'recall': 0.39159452392864774, 'f1-score': 0.3918079099586364, 'support': 64736.0}, 'weighted avg': {'precision': 0.586937621933064, 'recall': 0.5861190064260998, 'f1-score': 0.5865279035436421, 'support': 64736.0}}"
0.783,15647.8955078125,0.38863741975307414,0.5848368759268413,0.4867371478399577,"{'Normal': {'precision': 0.7349333438510689, 'recall': 0.735020314780482, 'f1-score': 0.7349768267429247, 'support': 50702.0}, 'Anomaly': {'precision': 0.04227259766181922, 'recall': 0.04225452472566624, 'f1-score': 0.04226355926163495, 'support': 14034.0}, 'accuracy': 0.5848368759268413, 'macro avg': {'precision': 0.38860297075644407, 'recall': 0.38863741975307414, 'f1-score': 0.38862019300227985, 'support': 64736.0}, 'weighted avg': {'precision': 0.5847726772664803, 'recall': 0.5848368759268413, 'f1-score': 0.5848047741627156, 'support': 64736.0}}"
0.784,15647.9152734375,0.3870341705012571,0.5841417449332674,0.48558795771726226,"{'Normal': {'precision': 0.7342817173369062, 'recall': 0.735020314780482, 'f1-score': 0.7346508304174264, 'support': 50702.0}, 'Anomaly': {'precision': 0.03919044554101409, 'recall': 0.039048026222032205, 'f1-score': 0.03911910625691544, 'support': 14034.0}, 'accuracy': 0.5841417449332674, 'macro avg': {'precision': 0.38673608143896016, 'recall': 0.3870341705012571, 'f1-score': 0.3868849683371709, 'support': 64736.0}, 'weighted avg': {'precision': 0.5835941415153609, 'recall': 0.5841417449332674, 'f1-score': 0.5838677697267965, 'support': 64736.0}}"
0.785,15647.932592773437,0.3847539937875618,0.5831531141868512,0.4839535539872065,"{'Normal': {'precision': 0.7333569474782061, 'recall': 0.735020314780482, 'f1-score': 0.7341876890040288, 'support': 50702.0}, 'Anomaly': {'precision': 0.03477261297507005, 'recall': 0.034487672794641586, 'f1-score': 0.03462955675598326, 'support': 14034.0}, 'accuracy': 0.5831531141868512, 'macro avg': {'precision': 0.3840647802266381, 'recall': 0.3847539937875618, 'f1-score': 0.384408622880006, 'support': 64736.0}, 'weighted avg': {'precision': 0.5819121169292533, 'recall': 0.5831531141868512, 'f1-score': 0.5825317506085599, 'support': 64736.0}}"
0.786,15647.9443359375,0.38226005050695755,0.5820717993079585,0.482165924907458,"{'Normal': {'precision': 0.7323481439267396, 'recall': 0.735020314780482, 'f1-score': 0.7336817962574688, 'support': 50702.0}, 'Anomaly': {'precision': 0.029893855151996534, 'recall': 0.029499786233433092, 'f1-score': 0.02969551339525876, 'support': 14034.0}, 'accuracy': 0.5820717993079585, 'macro avg': {'precision': 0.38112099953936807, 'recall': 0.38226005050695755, 'f1-score': 0.38168865482636377, 'support': 64736.0}, 'weighted avg': {'precision': 0.580064353011874, 'recall': 0.5820717993079585, 'f1-score': 0.5810658871236289, 'support': 64736.0}}"
0.787,15697.0791015625,0.3813149683137365,0.5819636678200693,0.48163931806690286,"{'Normal': {'precision': 0.7320012561827746, 'recall': 0.7355528381523412, 'f1-score': 0.7337727496310871, 'support': 50702.0}, 'Anomaly': {'precision': 0.027560197272991006, 'recall': 0.027077098475131824, 'f1-score': 0.027316512112716556, 'support': 14034.0}, 'accuracy': 0.5819636678200693, 'macro avg': {'precision': 0.37978072672788277, 'recall': 0.3813149683137365, 'f1-score': 0.3805446308719018, 'support': 64736.0}, 'weighted avg': {'precision': 0.5792867569746075, 'recall': 0.5819636678200693, 'f1-score': 0.5806213835081754, 'support': 64736.0}}"
0.788,15697.1898046875,0.38194610712482874,0.5829522985664854,0.48244920284565707,"{'Normal': {'precision': 0.7323374892182232, 'recall': 0.7368151157745256, 'f1-score': 0.7345694791277504, 'support': 50702.0}, 'Anomaly': {'precision': 0.027688720489653162, 'recall': 0.027077098475131824, 'f1-score': 0.02737949419987031, 'support': 14034.0}, 'accuracy': 0.5829522985664854, 'macro avg': {'precision': 0.3800131048539382, 'recall': 0.38194610712482874, 'f1-score': 0.38097448666381034, 'support': 64736.0}, 'weighted avg': {'precision': 0.5795779609752556, 'recall': 0.5829522985664854, 'f1-score': 0.5812590452350498, 'support': 64736.0}}"
0.789,15697.36392578125,0.382577245935921,0.5839409293129016,0.48325908762441133,"{'Normal': {'precision': 0.7326728796303548, 'recall': 0.7380773933967102, 'f1-score': 0.7353652066261864, 'support': 50702.0}, 'Anomaly': {'precision': 0.027818448023426062, 'recall': 0.027077098475131824, 'f1-score': 0.027442767386437496, 'support': 14034.0}, 'accuracy': 0.5839409293129016, 'macro avg': {'precision': 0.3802456638268904, 'recall': 0.382577245935921, 'f1-score': 0.38140398700631195, 'support': 64736.0}, 'weighted avg': {'precision': 0.5798687661050886, 'recall': 0.5839409293129016, 'f1-score': 0.5818959852919885, 'support': 64736.0}}"
0.79,15697.547802734374,0.3832182462909366,0.5849450074147305,0.48408162685283357,"{'Normal': {'precision': 0.7330126512973935, 'recall': 0.7393593941067413, 'f1-score': 0.7361723437055075, 'support': 50702.0}, 'Anomaly': {'precision': 0.027951452739977935, 'recall': 0.027077098475131824, 'f1-score': 0.027507329255492416, 'support': 14034.0}, 'accuracy': 0.5849450074147305, 'macro avg': {'precision': 0.3804820520186857, 'recall': 0.3832182462909366, 'f1-score': 0.38183983648049996, 'support': 64736.0}, 'weighted avg': {'precision': 0.5801637131400348, 'recall': 0.5849450074147305, 'f1-score': 0.5825421408386096, 'support': 64736.0}}"
0.791,15697.774340820313,0.38385924664595217,0.5859490855165596,0.48490416608125586,"{'Normal': {'precision': 0.7333515603640198, 'recall': 0.7406413948167725, 'f1-score': 0.7369784511520194, 'support': 50702.0}, 'Anomaly': {'precision': 0.028085735402808575, 'recall': 0.027077098475131824, 'f1-score': 0.027572195617472064, 'support': 14034.0}, 'accuracy': 0.5859490855165596, 'macro avg': {'precision': 0.3807186478834142, 'recall': 0.38385924664595217, 'f1-score': 0.38227532338474574, 'support': 64736.0}, 'weighted avg': {'precision': 0.5804582616198027, 'recall': 0.5859490855165596, 'f1-score': 0.5831875559751188, 'support': 64736.0}}"
0.792,15697.9298046875,0.38450024700096774,0.5869531636183886,0.48572670530967815,"{'Normal': {'precision': 0.7336896101109789, 'recall': 0.7419233955268036, 'f1-score': 0.7377835309346592, 'support': 50702.0}, 'Anomaly': {'precision': 0.028221314519123655, 'recall': 0.027077098475131824, 'f1-score': 0.0276373686315866, 'support': 14034.0}, 'accuracy': 0.5869531636183886, 'macro avg': {'precision': 0.3809554623150513, 'recall': 0.38450024700096774, 'f1-score': 0.3827104497831229, 'support': 64736.0}, 'weighted avg': {'precision': 0.580752418126054, 'recall': 0.5869531636183886, 'f1-score': 0.5838322327117026, 'support': 64736.0}}"
0.793,15698.048515625,0.38513138581206,0.5879417943648048,0.4865365900884324,"{'Normal': {'precision': 0.7340216226745885, 'recall': 0.7431856731489882, 'f1-score': 0.7385752227133294, 'support': 50702.0}, 'Anomaly': {'precision': 0.028356092828893367, 'recall': 0.027077098475131824, 'f1-score': 0.027701840714415893, 'support': 14034.0}, 'accuracy': 0.5879417943648048, 'macro avg': {'precision': 0.38118885775174094, 'recall': 0.38513138581206, 'f1-score': 0.3831385317138727, 'support': 64736.0}, 'weighted avg': {'precision': 0.5810416726335836, 'recall': 0.5879417943648048, 'f1-score': 0.5844662718517879, 'support': 64736.0}}"
0.794,15698.242763671875,0.3857723861670756,0.5889458724666337,0.48735912931685466,"{'Normal': {'precision': 0.7343579766536965, 'recall': 0.7444676738590194, 'f1-score': 0.7393782687900335, 'support': 50702.0}, 'Anomaly': {'precision': 0.028494301139772044, 'recall': 0.027077098475131824, 'f1-score': 0.027767628790646693, 'support': 14034.0}, 'accuracy': 0.5889458724666337, 'macro avg': {'precision': 0.38142613889673427, 'recall': 0.3857723861670756, 'f1-score': 0.3835729487903401, 'support': 64736.0}, 'weighted avg': {'precision': 0.5813350709727397, 'recall': 0.5889458724666337, 'f1-score': 0.5851094891040568, 'support': 64736.0}}"
0.795,15698.470043945312,0.3864133865220912,0.5899499505684627,0.4881816685452769,"{'Normal': {'precision': 0.7346934810065093, 'recall': 0.7457496745690505, 'f1-score': 0.7401802930496149, 'support': 50702.0}, 'Anomaly': {'precision': 0.028633863310978825, 'recall': 0.027077098475131824, 'f1-score': 0.027833730086064823, 'support': 14034.0}, 'accuracy': 0.5899499505684627, 'macro avg': {'precision': 0.3816636721587441, 'recall': 0.3864133865220912, 'f1-score': 0.38400701156783984, 'support': 64736.0}, 'weighted avg': {'precision': 0.5816280973754683, 'recall': 0.5899499505684627, 'f1-score': 0.5857519739593026, 'support': 64736.0}}"
0.796,15742.08140625,0.38705438687710675,0.5909540286702917,0.48900420777369924,"{'Normal': {'precision': 0.7350281389481855, 'recall': 0.7470316752790817, 'f1-score': 0.7409812974411143, 'support': 50702.0}, 'Anomaly': {'precision': 0.028774799333636226, 'recall': 0.027077098475131824, 'f1-score': 0.027900146842878122, 'support': 14034.0}, 'accuracy': 0.5909540286702917, 'macro avg': {'precision': 0.3819014691409109, 'recall': 0.38705438687710675, 'f1-score': 0.3844407221419962, 'support': 64736.0}, 'weighted avg': {'precision': 0.5819207586937585, 'recall': 0.5909540286702917, 'f1-score': 0.5863937284301212, 'support': 64736.0}}"
0.797,15742.94814453125,0.38768552568819903,0.5919426594167079,0.48981409255245345,"{'Normal': {'precision': 0.73535682443695, 'recall': 0.7482939529012662, 'f1-score': 0.7417689841245014, 'support': 50702.0}, 'Anomaly': {'precision': 0.028914929234515295, 'recall': 0.027077098475131824, 'f1-score': 0.027965852222549308, 'support': 14034.0}, 'accuracy': 0.5919426594167079, 'macro avg': {'precision': 0.3821358768357327, 'recall': 0.38768552568819903, 'f1-score': 0.3848674181735254, 'support': 64736.0}, 'weighted avg': {'precision': 0.5822085675586911, 'recall': 0.5919426594167079, 'f1-score': 0.5870248980964491, 'support': 64736.0}}"
0.798,15794.925556640625,0.3883265260432146,0.5929467375185369,0.49063663178087574,"{'Normal': {'precision': 0.7356898120366248, 'recall': 0.7495759536112974, 'f1-score': 0.7425679702230341, 'support': 50702.0}, 'Anomaly': {'precision': 0.029058652596161198, 'recall': 0.027077098475131824, 'f1-score': 0.0280329017741876, 'support': 14034.0}, 'accuracy': 0.5929467375185369, 'macro avg': {'precision': 0.382374232316393, 'recall': 0.3883265260432146, 'f1-score': 0.38530043599861086, 'support': 64736.0}, 'weighted avg': {'precision': 0.582500524907555, 'recall': 0.5929467375185369, 'f1-score': 0.587665208998814, 'support': 64736.0}}"
0.799,15795.025390625,0.38901683411784677,0.5940280523974295,0.49152244325763816,"{'Normal': {'precision': 0.7360474782037155, 'recall': 0.7509565697605617, 'f1-score': 0.7434272827561968, 'support': 50702.0}, 'Anomaly': {'precision': 0.029215038056431154, 'recall': 0.027077098475131824, 'f1-score': 0.02810546947228283, 'support': 14034.0}, 'accuracy': 0.5940280523974295, 'macro avg': {'precision': 0.3826312581300733, 'recall': 0.38901683411784677, 'f1-score': 0.38576637611423986, 'support': 64736.0}, 'weighted avg': {'precision': 0.5828145557953649, 'recall': 0.5940280523974295, 'f1-score': 0.5883539645464457, 'support': 64736.0}}"
0.8,15795.087890625,0.3896282498410924,0.5949857884330203,0.4923070191370563,"{'Normal': {'precision': 0.7363634608329632, 'recall': 0.752179401207053, 'f1-score': 0.7441874079205409, 'support': 50702.0}, 'Anomaly': {'precision': 0.02935496330629587, 'recall': 0.027077098475131824, 'f1-score': 0.02817005819340969, 'support': 14034.0}, 'accuracy': 0.5949857884330203, 'macro avg': {'precision': 0.38285921206962953, 'recall': 0.3896282498410924, 'f1-score': 0.3861787330569753, 'support': 64736.0}, 'weighted avg': {'precision': 0.5830923712647285, 'recall': 0.5949857884330203, 'f1-score': 0.5889633056270634, 'support': 64736.0}}"
0.801,15795.198959960937,0.39023966556433803,0.595943524468611,0.4930915950164745,"{'Normal': {'precision': 0.7366786878290552, 'recall': 0.7534022326535442, 'f1-score': 0.7449466140119936, 'support': 50702.0}, 'Anomaly': {'precision': 0.029496235348909414, 'recall': 0.027077098475131824, 'f1-score': 0.02823494445889215, 'support': 14034.0}, 'accuracy': 0.595943524468611, 'macro avg': {'precision': 0.3830874615889823, 'recall': 0.39023966556433803, 'f1-score': 0.3865907792354429, 'support': 64736.0}, 'weighted avg': {'precision': 0.583369886882034, 'recall': 0.595943524468611, 'f1-score': 0.5895719913830356, 'support': 64736.0}}"
0.802,15795.2724609375,0.39094969672681684,0.5970557340583292,0.494002715392573,"{'Normal': {'precision': 0.737043813192104, 'recall': 0.7548222949785018, 'f1-score': 0.7458271215177292, 'support': 50702.0}, 'Anomaly': {'precision': 0.02966200921083444, 'recall': 0.027077098475131824, 'f1-score': 0.028310672378468987, 'support': 14034.0}, 'accuracy': 0.5970557340583292, 'macro avg': {'precision': 0.3833529112014692, 'recall': 0.39094969672681684, 'f1-score': 0.3870688969480991, 'support': 64736.0}, 'weighted avg': {'precision': 0.5836917951948052, 'recall': 0.5970557340583292, 'f1-score': 0.5902780321822686, 'support': 64736.0}}"
0.803,15796.151791992188,0.3915216662743692,0.5979516806722689,0.49473667347331907,"{'Normal': {'precision': 0.7373372063943981, 'recall': 0.7559662340736065, 'f1-score': 0.7465355212543214, 'support': 50702.0}, 'Anomaly': {'precision': 0.029796910530855484, 'recall': 0.027077098475131824, 'f1-score': 0.028371971478702355, 'support': 14034.0}, 'accuracy': 0.5979516806722689, 'macro avg': {'precision': 0.38356705846262684, 'recall': 0.3915216662743692, 'f1-score': 0.3874537463665119, 'support': 64736.0}, 'weighted avg': {'precision': 0.5839508292294674, 'recall': 0.5979516806722689, 'f1-score': 0.5908461481458341, 'support': 64736.0}}"
0.804,15997.675703125004,0.3908336152382921,0.5980443648047454,0.49443899002151875,"{'Normal': {'precision': 0.7371030030549311, 'recall': 0.7566565421482387, 'f1-score': 0.7467517932048, 'support': 50702.0}, 'Anomaly': {'precision': 0.02766175427535661, 'recall': 0.025010688328345448, 'f1-score': 0.02626950566927366, 'support': 14034.0}, 'accuracy': 0.5980443648047454, 'macro avg': {'precision': 0.3823823786651439, 'recall': 0.3908336152382921, 'f1-score': 0.38651064943703684, 'support': 64736.0}, 'weighted avg': {'precision': 0.5833045217559236, 'recall': 0.5980443648047454, 'f1-score': 0.5905597451438512, 'support': 64736.0}}"
0.805,15998.669604492188,0.39147461559330765,0.5990484429065744,0.49526152924994105,"{'Normal': {'precision': 0.7374309180227203, 'recall': 0.7579385428582699, 'f1-score': 0.74754410877896, 'support': 50702.0}, 'Anomaly': {'precision': 0.0278041825095057, 'recall': 0.025010688328345448, 'f1-score': 0.02633355840648211, 'support': 14034.0}, 'accuracy': 0.5990484429065744, 'macro avg': {'precision': 0.382617550266113, 'recall': 0.39147461559330765, 'f1-score': 0.3869388335927211, 'support': 64736.0}, 'weighted avg': {'precision': 0.5835922253912253, 'recall': 0.5990484429065744, 'f1-score': 0.5911941819387574, 'support': 64736.0}}"
0.806,15998.87189453125,0.3921156159483232,0.6000525210084033,0.4960840684783633,"{'Normal': {'precision': 0.7377580159840543, 'recall': 0.759220543568301, 'f1-score': 0.7483354231670215, 'support': 50702.0}, 'Anomaly': {'precision': 0.027948085038617725, 'recall': 0.025010688328345448, 'f1-score': 0.026397924265784228, 'support': 14034.0}, 'accuracy': 0.6000525210084033, 'macro avg': {'precision': 0.382853050511336, 'recall': 0.3921156159483232, 'f1-score': 0.3873666737164029, 'support': 64736.0}, 'weighted avg': {'precision': 0.5838796087471497, 'recall': 0.6000525210084033, 'f1-score': 0.5918279024740536, 'support': 64736.0}}"
0.807,15998.981870117188,0.3927566163033388,0.6010565991102323,0.4969066077067856,"{'Normal': {'precision': 0.738084299988515, 'recall': 0.7605025442783322, 'f1-score': 0.7491257382654647, 'support': 50702.0}, 'Anomaly': {'precision': 0.028093484872738914, 'recall': 0.025010688328345448, 'f1-score': 0.026462605548854042, 'support': 14034.0}, 'accuracy': 0.6010565991102323, 'macro avg': {'precision': 0.38308889243062694, 'recall': 0.3927566163033388, 'f1-score': 0.38779417190715937, 'support': 64736.0}, 'weighted avg': {'precision': 0.5841666792004713, 'recall': 0.6010565991102323, 'f1-score': 0.5924609087340615, 'support': 64736.0}}"
0.808,15999.0135546875,0.3933877551144311,0.6020452298566485,0.49771649248553984,"{'Normal': {'precision': 0.7384047719190915, 'recall': 0.7617648219005168, 'f1-score': 0.7499029201615408, 'support': 50702.0}, 'Anomaly': {'precision': 0.028238133547868062, 'recall': 0.025010688328345448, 'f1-score': 0.02652660217654172, 'support': 14034.0}, 'accuracy': 0.6020452298566485, 'macro avg': {'precision': 0.3833214527334798, 'recall': 0.3933877551144311, 'f1-score': 0.38821476116904124, 'support': 64736.0}, 'weighted avg': {'precision': 0.5844490347264668, 'recall': 0.6020452298566485, 'f1-score': 0.5930834804896198, 'support': 64736.0}}"
0.809,15999.148286132813,0.39402875546944666,0.6030493079584776,0.4985390317139621,"{'Normal': {'precision': 0.7387294495044968, 'recall': 0.7630468226105479, 'f1-score': 0.7506912576523435, 'support': 50702.0}, 'Anomaly': {'precision': 0.028386575010109178, 'recall': 0.025010688328345448, 'f1-score': 0.0265919163604682, 'support': 14034.0}, 'accuracy': 0.6030493079584776, 'macro avg': {'precision': 0.383558012257303, 'recall': 0.39402875546944666, 'f1-score': 0.38864158700640583, 'support': 64736.0}, 'weighted avg': {'precision': 0.584735506402448, 'recall': 0.6030493079584776, 'f1-score': 0.5937150750693884, 'support': 64736.0}}"
0.81,15999.1943359375,0.3946993404562322,0.6040997281265448,0.4993995342913885,"{'Normal': {'precision': 0.739068250729419, 'recall': 0.7643879925841189, 'f1-score': 0.7515149164735653, 'support': 50702.0}, 'Anomaly': {'precision': 0.028543547206635766, 'recall': 0.025010688328345448, 'f1-score': 0.02666059017887661, 'support': 14034.0}, 'accuracy': 0.6040997281265448, 'macro avg': {'precision': 0.38380589896802736, 'recall': 0.3946993404562322, 'f1-score': 0.3890877533262209, 'support': 64736.0}, 'weighted avg': {'precision': 0.5850348892421671, 'recall': 0.6040997281265448, 'f1-score': 0.5943750620614969, 'support': 64736.0}}"
0.811,15999.23046875,0.39532061772340116,0.6050729115175482,0.5001967646204747,"{'Normal': {'precision': 0.7393813569006895, 'recall': 0.7656305471184569, 'f1-score': 0.7522770435254448, 'support': 50702.0}, 'Anomaly': {'precision': 0.028690534575772437, 'recall': 0.025010688328345448, 'f1-score': 0.026724531749657377, 'support': 14034.0}, 'accuracy': 0.6050729115175482, 'macro avg': {'precision': 0.38403594573823097, 'recall': 0.39532061772340116, 'f1-score': 0.3895007876375511, 'support': 64736.0}, 'weighted avg': {'precision': 0.5853119828196854, 'recall': 0.6050729115175482, 'f1-score': 0.5949858307495335, 'support': 64736.0}}"
0.812,15999.2822265625,0.39597147962234003,0.6060924369747899,0.501031958298565,"{'Normal': {'precision': 0.7397085679500837, 'recall': 0.7669322709163346, 'f1-score': 0.7530744649946741, 'support': 50702.0}, 'Anomaly': {'precision': 0.028846153846153848, 'recall': 0.025010688328345448, 'f1-score': 0.026791847950538128, 'support': 14034.0}, 'accuracy': 0.6060924369747899, 'macro avg': {'precision': 0.38427736089811876, 'recall': 0.39597147962234003, 'f1-score': 0.3899331564726061, 'support': 64736.0}, 'weighted avg': {'precision': 0.5856019947985984, 'recall': 0.6060924369747899, 'f1-score': 0.5956249740221486, 'support': 64736.0}}"
0.813,15999.298828125,0.3966519261530489,0.6071583044982699,0.5019051153256594,"{'Normal': {'precision': 0.740049774873188, 'recall': 0.7682931639777524, 'f1-score': 0.7539070438072751, 'support': 50702.0}, 'Anomaly': {'precision': 0.029010662038184976, 'recall': 0.025010688328345448, 'f1-score': 0.02686258753300425, 'support': 14034.0}, 'accuracy': 0.6071583044982699, 'macro avg': {'precision': 0.38453021845568647, 'recall': 0.3966519261530489, 'f1-score': 0.3903848156701397, 'support': 64736.0}, 'weighted avg': {'precision': 0.5859048955243491, 'recall': 0.6071583044982699, 'f1-score': 0.5962923950901299, 'support': 64736.0}}"
0.814,15999.306640625,0.39735209577160435,0.6082550667325753,0.5028035812520899,"{'Normal': {'precision': 0.7403999392881536, 'recall': 0.7696935032148633, 'f1-score': 0.754762595493666, 'support': 50702.0}, 'Anomaly': {'precision': 0.029181908879281675, 'recall': 0.025010688328345448, 'f1-score': 0.026935768551914666, 'support': 14034.0}, 'accuracy': 0.6082550667325753, 'macro avg': {'precision': 0.3847909240837176, 'recall': 0.39735209577160435, 'f1-score': 0.39084918202279034, 'support': 64736.0}, 'weighted avg': {'precision': 0.5862162727230569, 'recall': 0.6082550667325753, 'f1-score': 0.5969783380588455, 'support': 64736.0}}"
0.815,15999.310546875,0.3981410192854697,0.6094908551655956,0.5038159372255326,"{'Normal': {'precision': 0.7407933621277563, 'recall': 0.771271350242594, 'f1-score': 0.7557251908396947, 'support': 50702.0}, 'Anomaly': {'precision': 0.029377301640441916, 'recall': 0.025010688328345448, 'f1-score': 0.027018705257485953, 'support': 14034.0}, 'accuracy': 0.6094908551655956, 'macro avg': {'precision': 0.3850853318840991, 'recall': 0.3981410192854697, 'f1-score': 0.3913719480485903, 'support': 64736.0}, 'weighted avg': {'precision': 0.5865667649812076, 'recall': 0.6094908551655956, 'f1-score': 0.597750233804031, 'support': 64736.0}}"
0.816,15999.4277734375,0.3984960348667091,0.6100469599604548,0.5042714974135819,"{'Normal': {'precision': 0.7409700136301681, 'recall': 0.7719813814050728, 'f1-score': 0.7561578733844638, 'support': 50702.0}, 'Anomaly': {'precision': 0.029466084620550705, 'recall': 0.025010688328345448, 'f1-score': 0.02705619363292993, 'support': 14034.0}, 'accuracy': 0.6100469599604548, 'macro avg': {'precision': 0.3852180491253594, 'recall': 0.3984960348667091, 'f1-score': 0.39160703350869686, 'support': 64736.0}, 'weighted avg': {'precision': 0.586724367626075, 'recall': 0.6100469599604548, 'f1-score': 0.5980972429217687, 'support': 64736.0}}"
0.817,16049.633662109374,0.39913703522172467,0.6110510380622838,0.5050940366420043,"{'Normal': {'precision': 0.741288358637902, 'recall': 0.7732633821151039, 'f1-score': 0.7569383440646388, 'support': 50702.0}, 'Anomaly': {'precision': 0.02962775386173715, 'recall': 0.025010688328345448, 'f1-score': 0.027124145125767937, 'support': 14034.0}, 'accuracy': 0.6110510380622838, 'macro avg': {'precision': 0.38545805624981955, 'recall': 0.39913703522172467, 'f1-score': 0.39203124459520333, 'support': 64736.0}, 'weighted avg': {'precision': 0.5870087471786104, 'recall': 0.6110510380622838, 'f1-score': 0.5987232478599287, 'support': 64736.0}}"
0.818,16137.710185546875,0.3996870569665906,0.6119933267424617,0.5058401918545261,"{'Normal': {'precision': 0.7415681534917098, 'recall': 0.7745059366494418, 'f1-score': 0.7576792467392143, 'support': 50702.0}, 'Anomaly': {'precision': 0.029621456459005262, 'recall': 0.02486817728373949, 'f1-score': 0.02703749612643322, 'support': 14034.0}, 'accuracy': 0.6119933267424617, 'macro avg': {'precision': 0.38559480497535753, 'recall': 0.3996870569665906, 'f1-score': 0.39235837143282376, 'support': 64736.0}, 'weighted avg': {'precision': 0.5872265206111337, 'recall': 0.6119933267424617, 'f1-score': 0.5992847471084096, 'support': 64736.0}}"
0.819,16138.024311523437,0.4003181957776829,0.6129819574888778,0.5066500766332804,"{'Normal': {'precision': 0.7418801161869554, 'recall': 0.7757682142716263, 'f1-score': 0.7584458156575395, 'support': 50702.0}, 'Anomaly': {'precision': 0.029783239460658816, 'recall': 0.02486817728373949, 'f1-score': 0.027104690897794347, 'support': 14034.0}, 'accuracy': 0.6129819574888778, 'macro avg': {'precision': 0.3858316778238071, 'recall': 0.4003181957776829, 'f1-score': 0.39277525327766694, 'support': 64736.0}, 'weighted avg': {'precision': 0.587505926123052, 'recall': 0.6129819574888778, 'f1-score': 0.5998996999741754, 'support': 64736.0}}"
0.82,16138.1318359375,0.40096905767662183,0.6140014829461197,0.5074852703113708,"{'Normal': {'precision': 0.7422010398613518, 'recall': 0.7770699380695042, 'f1-score': 0.7592353496618041, 'support': 50702.0}, 'Anomaly': {'precision': 0.02995193958118778, 'recall': 0.02486817728373949, 'f1-score': 0.027174336214280153, 'support': 14034.0}, 'accuracy': 0.6140014829461197, 'macro avg': {'precision': 0.3860764897212698, 'recall': 0.40096905767662183, 'f1-score': 0.3932048429380421, 'support': 64736.0}, 'weighted avg': {'precision': 0.58779384952936, 'recall': 0.6140014829461197, 'f1-score': 0.6005331706157933, 'support': 64736.0}}"
0.821,16138.244057617187,0.40160019648771406,0.6149901136925359,0.5082951550901249,"{'Normal': {'precision': 0.7425114773839091, 'recall': 0.7783322156916886, 'f1-score': 0.76, 'support': 50702.0}, 'Anomaly': {'precision': 0.030117362789092165, 'recall': 0.02486817728373949, 'f1-score': 0.027242213722582155, 'support': 14034.0}, 'accuracy': 0.6149901136925359, 'macro avg': {'precision': 0.38631442008650063, 'recall': 0.40160019648771406, 'f1-score': 0.3936211068612911, 'support': 64736.0}, 'weighted avg': {'precision': 0.5880728496617196, 'recall': 0.6149901136925359, 'f1-score': 0.6011467688362383, 'support': 64736.0}}"
0.822,16138.3740234375,0.402251058386653,0.6160096391497776,0.5091303487682153,"{'Normal': {'precision': 0.742830833991055, 'recall': 0.7796339394895665, 'f1-score': 0.7607875591824166, 'support': 50702.0}, 'Anomaly': {'precision': 0.03028988022912689, 'recall': 0.02486817728373949, 'f1-score': 0.027312568477069962, 'support': 14034.0}, 'accuracy': 0.6160096391497776, 'macro avg': {'precision': 0.38656035711009096, 'recall': 0.402251058386653, 'f1-score': 0.3940500638297433, 'support': 64736.0}, 'weighted avg': {'precision': 0.5883603732722139, 'recall': 0.6160096391497776, 'f1-score': 0.6017788465718316, 'support': 64736.0}}"
0.823,16138.463681640626,0.4028723356538219,0.6169828225407811,0.5099275790973015,"{'Normal': {'precision': 0.743134936276442, 'recall': 0.7808764940239044, 'f1-score': 0.7615383875590264, 'support': 50702.0}, 'Anomaly': {'precision': 0.030456409808883846, 'recall': 0.02486817728373949, 'f1-score': 0.027380065115914173, 'support': 14034.0}, 'accuracy': 0.6169828225407811, 'macro avg': {'precision': 0.38679567304266294, 'recall': 0.4028723356538219, 'f1-score': 0.39445922633747027, 'support': 64736.0}, 'weighted avg': {'precision': 0.5886346514203231, 'recall': 0.6169828225407811, 'f1-score': 0.6023815367006687, 'support': 64736.0}}"
0.824,16274.9184375,0.40305844295808946,0.617677953534355,0.5103681982462223,"{'Normal': {'precision': 0.7432604701735968, 'recall': 0.7819612638554692, 'f1-score': 0.7621198723616931, 'support': 50702.0}, 'Anomaly': {'precision': 0.02975250131648236, 'recall': 0.024155622060709706, 'f1-score': 0.026663520528551202, 'support': 14034.0}, 'accuracy': 0.617677953534355, 'macro avg': {'precision': 0.38650648574503954, 'recall': 0.40305844295808946, 'f1-score': 0.3943916964451222, 'support': 64736.0}, 'weighted avg': {'precision': 0.5885803720065685, 'recall': 0.617677953534355, 'f1-score': 0.6026816240666747, 'support': 64736.0}}"
0.825,16275.313232421875,0.4036994433131051,0.6186820316361838,0.5111907374746445,"{'Normal': {'precision': 0.7435729398767952, 'recall': 0.7832432645655004, 'f1-score': 0.7628927374194354, 'support': 50702.0}, 'Anomaly': {'precision': 0.02992320593167976, 'recall': 0.024155622060709706, 'f1-score': 0.026731853487363483, 'support': 14034.0}, 'accuracy': 0.6186820316361838, 'macro avg': {'precision': 0.38674807290423746, 'recall': 0.4036994433131051, 'f1-score': 0.39481229545339946, 'support': 64736.0}, 'weighted avg': {'precision': 0.5888621087135204, 'recall': 0.6186820316361838, 'f1-score': 0.603301754888808, 'support': 64736.0}}"
0.826,16275.581484375,0.4042949543630458,0.6196552150271873,0.5119750846951165,"{'Normal': {'precision': 0.743865948533812, 'recall': 0.7845055421876849, 'f1-score': 0.763645439361069, 'support': 50702.0}, 'Anomaly': {'precision': 0.030007102272727272, 'recall': 0.024084366538406725, 'f1-score': 0.02672147995889003, 'support': 14034.0}, 'accuracy': 0.6196552150271873, 'macro avg': {'precision': 0.38693652540326967, 'recall': 0.4042949543630458, 'f1-score': 0.39518345965997953, 'support': 64736.0}, 'weighted avg': {'precision': 0.5891097842909169, 'recall': 0.6196552150271873, 'f1-score': 0.6038890310836007, 'support': 64736.0}}"
0.827,16275.699892578124,0.4049260931741381,0.6206438457736035,0.5127849694738709,"{'Normal': {'precision': 0.7441721458457861, 'recall': 0.7857678198098694, 'f1-score': 0.764404535773902, 'support': 50702.0}, 'Anomaly': {'precision': 0.03017857142857143, 'recall': 0.024084366538406725, 'f1-score': 0.026789252595704208, 'support': 14034.0}, 'accuracy': 0.6206438457736035, 'macro avg': {'precision': 0.3871753586371787, 'recall': 0.4049260931741381, 'f1-score': 0.3955968941848031, 'support': 64736.0}, 'weighted avg': {'precision': 0.5893867741303388, 'recall': 0.6206438457736035, 'f1-score': 0.604498256669187, 'support': 64736.0}}"
0.828,16275.8896484375,0.405576955073077,0.6216633712308453,0.5136201631519611,"{'Normal': {'precision': 0.7444871460020148, 'recall': 0.7870695436077473, 'f1-score': 0.7651863782788771, 'support': 50702.0}, 'Anomaly': {'precision': 0.030357463624932638, 'recall': 0.024084366538406725, 'f1-score': 0.026859504132231406, 'support': 14034.0}, 'accuracy': 0.6216633712308453, 'macro avg': {'precision': 0.38742230481347373, 'recall': 0.405576955073077, 'f1-score': 0.39602294120555426, 'support': 64736.0}, 'weighted avg': {'precision': 0.5896722676888665, 'recall': 0.6216633712308453, 'f1-score': 0.6051258346590362, 'support': 64736.0}}"
0.829,16276.036025390626,0.40620809388416923,0.6226520019772614,0.5144300479307153,"{'Normal': {'precision': 0.7447918607684567, 'recall': 0.7883318212299317, 'f1-score': 0.7659435842403802, 'support': 50702.0}, 'Anomaly': {'precision': 0.030532971996386632, 'recall': 0.024084366538406725, 'f1-score': 0.02692797960484385, 'support': 14034.0}, 'accuracy': 0.6226520019772614, 'macro avg': {'precision': 0.38766241638242166, 'recall': 0.40620809388416923, 'f1-score': 0.39643578192261203, 'support': 64736.0}, 'weighted avg': {'precision': 0.589948972035337, 'recall': 0.6226520019772614, 'f1-score': 0.6057337319873044, 'support': 64736.0}}"
0.83,16277.8291015625,0.40685895578310816,0.6236715274345032,0.5152652416088057,"{'Normal': {'precision': 0.7451053376014293, 'recall': 0.7896335450278096, 'f1-score': 0.7667234808587242, 'support': 50702.0}, 'Anomaly': {'precision': 0.030716103235187205, 'recall': 0.024084366538406725, 'f1-score': 0.02699896157840083, 'support': 14034.0}, 'accuracy': 0.6236715274345032, 'macro avg': {'precision': 0.38791072041830826, 'recall': 0.40685895578310816, 'f1-score': 0.39686122121856254, 'support': 64736.0}, 'weighted avg': {'precision': 0.5902341914834139, 'recall': 0.6236715274345032, 'f1-score': 0.6063599442858737, 'support': 64736.0}}"
0.831,16278.032783203125,0.4074802330502771,0.6246447108255067,0.5160624719378919,"{'Normal': {'precision': 0.7454038479412585, 'recall': 0.7908760995621474, 'f1-score': 0.7674670086222571, 'support': 50702.0}, 'Anomaly': {'precision': 0.0308929713920117, 'recall': 0.024084366538406725, 'f1-score': 0.027067067067067067, 'support': 14034.0}, 'accuracy': 0.6246447108255067, 'macro avg': {'precision': 0.3881484096666351, 'recall': 0.4074802330502771, 'f1-score': 0.3972670378446621, 'support': 64736.0}, 'weighted avg': {'precision': 0.5905063312350651, 'recall': 0.6246447108255067, 'f1-score': 0.606957048479747, 'support': 64736.0}}"
0.832,16343.6393359375,0.40807574410021785,0.6256178942165102,0.516846819158364,"{'Normal': {'precision': 0.7456925362049759, 'recall': 0.792138377184332, 'f1-score': 0.768214073946558, 'support': 50702.0}, 'Anomaly': {'precision': 0.030985656491357115, 'recall': 0.024013111016103747, 'f1-score': 0.027057406663990365, 'support': 14034.0}, 'accuracy': 0.6256178942165102, 'macro avg': {'precision': 0.3883390963481665, 'recall': 0.40807574410021785, 'f1-score': 0.3976357403052742, 'support': 64736.0}, 'weighted avg': {'precision': 0.5907525283283551, 'recall': 0.6256178942165102, 'f1-score': 0.6075400646064141, 'support': 64736.0}}"
0.833,16343.739755859375,0.4087167444552334,0.626621972318339,0.5176693583867862,"{'Normal': {'precision': 0.7459990727862772, 'recall': 0.7934203778943631, 'f1-score': 0.7689793265600657, 'support': 50702.0}, 'Anomaly': {'precision': 0.031171954490796412, 'recall': 0.024013111016103747, 'f1-score': 0.027128194807808412, 'support': 14034.0}, 'accuracy': 0.626621972318339, 'macro avg': {'precision': 0.38858551363853683, 'recall': 0.4087167444552334, 'f1-score': 0.39805376068393705, 'support': 64736.0}, 'weighted avg': {'precision': 0.5910329986056237, 'recall': 0.626621972318339, 'f1-score': 0.6081547655273918, 'support': 64736.0}}"
0.834,16343.8408203125,0.409357744810249,0.6276260504201681,0.5184918976152085,"{'Normal': {'precision': 0.7463048712724578, 'recall': 0.7947023786043943, 'f1-score': 0.7697436289305774, 'support': 50702.0}, 'Anomaly': {'precision': 0.03136050623487809, 'recall': 0.024013111016103747, 'f1-score': 0.027199354317998387, 'support': 14034.0}, 'accuracy': 0.6276260504201681, 'macro avg': {'precision': 0.38883268875366794, 'recall': 0.409357744810249, 'f1-score': 0.39847149162428785, 'support': 64736.0}, 'weighted avg': {'precision': 0.5913133793832864, 'recall': 0.6276260504201681, 'f1-score': 0.6087688027146706, 'support': 64736.0}}"
0.835,16343.9072265625,0.4099987451652646,0.6286301285219971,0.5193144368436309,"{'Normal': {'precision': 0.7466099343261493, 'recall': 0.7959843793144254, 'f1-score': 0.7705069828269233, 'support': 50702.0}, 'Anomaly': {'precision': 0.0315513528695815, 'recall': 0.024013111016103747, 'f1-score': 0.027270888124620675, 'support': 14034.0}, 'accuracy': 0.6286301285219971, 'macro avg': {'precision': 0.3890806435978654, 'recall': 0.4099987451652646, 'f1-score': 0.398888935475772, 'support': 64736.0}, 'weighted avg': {'precision': 0.5915936816667099, 'recall': 0.6286301285219971, 'f1-score': 0.6093821781888221, 'support': 64736.0}}"
0.836,16343.9736328125,0.4106496070642035,0.6296496539792388,0.5201496305217211,"{'Normal': {'precision': 0.7469189408917056, 'recall': 0.7972861031123033, 'f1-score': 0.7712811119697013, 'support': 50702.0}, 'Anomaly': {'precision': 0.03174752708431465, 'recall': 0.024013111016103747, 'f1-score': 0.027343908474988843, 'support': 14034.0}, 'accuracy': 0.6296496539792388, 'macro avg': {'precision': 0.3893332339880101, 'recall': 0.4106496070642035, 'f1-score': 0.39931251022234504, 'support': 64736.0}, 'weighted avg': {'precision': 0.5918782275116246, 'recall': 0.6296496539792388, 'f1-score': 0.6100043152284013, 'support': 64736.0}}"
0.837,16344.0302734375,0.4113694997706056,0.6307773109243697,0.5210734053474877,"{'Normal': {'precision': 0.7472598442632026, 'recall': 0.7987258885251075, 'f1-score': 0.772136211104332, 'support': 50702.0}, 'Anomaly': {'precision': 0.031967368620755075, 'recall': 0.024013111016103747, 'f1-score': 0.027425130208333332, 'support': 14034.0}, 'accuracy': 0.6307773109243697, 'macro avg': {'precision': 0.38961360644197884, 'recall': 0.4113694997706056, 'f1-score': 0.39978067065633266, 'support': 64736.0}, 'weighted avg': {'precision': 0.5921928861075225, 'recall': 0.6307773109243697, 'f1-score': 0.6106916468851271, 'support': 64736.0}}"
0.838,16344.1364453125,0.4119020231424647,0.6316114681166585,0.5217567456295615,"{'Normal': {'precision': 0.7475114289927739, 'recall': 0.7997909352688257, 'f1-score': 0.772767984754645, 'support': 50702.0}, 'Anomaly': {'precision': 0.032131960335621663, 'recall': 0.024013111016103747, 'f1-score': 0.027485523203653862, 'support': 14034.0}, 'accuracy': 0.6316114681166585, 'macro avg': {'precision': 0.3898216946641978, 'recall': 0.4119020231424647, 'f1-score': 0.40012675397914943, 'support': 64736.0}, 'weighted avg': {'precision': 0.5924256117792532, 'recall': 0.6316114681166585, 'f1-score': 0.6111995519598074, 'support': 64736.0}}"
0.839,16344.277016601562,0.4125430234974803,0.6326155462184874,0.5225792848579838,"{'Normal': {'precision': 0.7478135989542098, 'recall': 0.8010729359788569, 'f1-score': 0.7735275912964814, 'support': 50702.0}, 'Anomaly': {'precision': 0.03233234193610285, 'recall': 0.024013111016103747, 'f1-score': 0.027558572187921657, 'support': 14034.0}, 'accuracy': 0.6326155462184874, 'macro avg': {'precision': 0.3900729704451563, 'recall': 0.4125430234974803, 'f1-score': 0.40054308174220155, 'support': 64736.0}, 'weighted avg': {'precision': 0.5927057152265759, 'recall': 0.6326155462184874, 'f1-score': 0.6118103209342483, 'support': 64736.0}}"
0.84,16344.4787109375,0.41318402385249586,0.6336196243203164,0.5234018240864061,"{'Normal': {'precision': 0.7481150465261687, 'recall': 0.802354936688888, 'f1-score': 0.774286258089075, 'support': 50702.0}, 'Anomaly': {'precision': 0.03253523846302375, 'recall': 0.024013111016103747, 'f1-score': 0.027632010495244344, 'support': 14034.0}, 'accuracy': 0.6336196243203164, 'macro avg': {'precision': 0.3903251424945962, 'recall': 0.41318402385249586, 'f1-score': 0.4009591342921597, 'support': 64736.0}, 'weighted avg': {'precision': 0.5929857980962661, 'recall': 0.6336196243203164, 'f1-score': 0.6124204382866186, 'support': 64736.0}}"
0.841,16344.656381835937,0.41382502420751144,0.6346237024221453,0.5242243633148284,"{'Normal': {'precision': 0.7484157742960528, 'recall': 0.8036369373989192, 'f1-score': 0.7750439868752675, 'support': 50702.0}, 'Anomaly': {'precision': 0.03274069756144953, 'recall': 0.024013111016103747, 'f1-score': 0.02770584124635179, 'support': 14034.0}, 'accuracy': 0.6346237024221453, 'macro avg': {'precision': 0.3905782359287511, 'recall': 0.41382502420751144, 'f1-score': 0.40137491406080966, 'support': 64736.0}, 'weighted avg': {'precision': 0.5932658727436951, 'recall': 0.6346237024221453, 'f1-score': 0.6130299060584701, 'support': 64736.0}}"
0.842,16344.746689453124,0.4144561630186037,0.6356123331685616,0.5250342480935827,"{'Normal': {'precision': 0.748711174711505, 'recall': 0.8048992150211037, 'f1-score': 0.7757891435143381, 'support': 50702.0}, 'Anomaly': {'precision': 0.03294554697428879, 'recall': 0.024013111016103747, 'f1-score': 0.0277789226394098, 'support': 14034.0}, 'accuracy': 0.6356123331685616, 'macro avg': {'precision': 0.39082836084289685, 'recall': 0.4144561630186037, 'f1-score': 0.401784033076874, 'support': 64736.0}, 'weighted avg': {'precision': 0.5935416427715628, 'recall': 0.6356123331685616, 'f1-score': 0.6136293647241945, 'support': 64736.0}}"
0.843,16568.707910156216,0.4150516740685445,0.636585516559565,0.5258185953140547,"{'Normal': {'precision': 0.7489921571501869, 'recall': 0.8061614926432882, 'f1-score': 0.7765260178201645, 'support': 50702.0}, 'Anomaly': {'precision': 0.03305785123966942, 'recall': 0.02394185549380077, 'f1-score': 0.02777089015621126, 'support': 14034.0}, 'accuracy': 0.636585516559565, 'macro avg': {'precision': 0.39102500419492814, 'recall': 0.4150516740685445, 'f1-score': 0.4021484539881879, 'support': 64736.0}, 'weighted avg': {'precision': 0.5937860577750601, 'recall': 0.636585516559565, 'f1-score': 0.6142047520385914, 'support': 64736.0}}"
0.844,16718.95,0.4154197385931112,0.6374042263964409,0.526411982494776,"{'Normal': {'precision': 0.7491809579588923, 'recall': 0.8073251548262396, 'f1-score': 0.7771670511396539, 'support': 50702.0}, 'Anomaly': {'precision': 0.03267650262402218, 'recall': 0.0235143223599829, 'f1-score': 0.02734844403928231, 'support': 14034.0}, 'accuracy': 0.6374042263964409, 'macro avg': {'precision': 0.39092873029145725, 'recall': 0.4154197385931112, 'f1-score': 0.4022577475894681, 'support': 64736.0}, 'weighted avg': {'precision': 0.5938512569243897, 'recall': 0.6374042263964409, 'f1-score': 0.6146152355803575, 'support': 64736.0}}"
0.845,16723.26162109375,0.4156968245075284,0.6381611468116658,0.5269289856595971,"{'Normal': {'precision': 0.7493327483455815, 'recall': 0.8084493708334977, 'f1-score': 0.7777693446169026, 'support': 50702.0}, 'Anomaly': {'precision': 0.03209089097069962, 'recall': 0.022944278181559072, 'f1-score': 0.02675752035898288, 'support': 14034.0}, 'accuracy': 0.6381611468116658, 'macro avg': {'precision': 0.39071181965814056, 'recall': 0.4156968245075284, 'f1-score': 0.4022634324879428, 'support': 64736.0}, 'weighted avg': {'precision': 0.5938431872605733, 'recall': 0.6381611468116658, 'f1-score': 0.6149588536746812, 'support': 64736.0}}"
0.846,16727.92625,0.41414447667502996,0.6376668314384577,0.5259056540567438,"{'Normal': {'precision': 0.7487492239710769, 'recall': 0.8087649402390438, 'f1-score': 0.7776007888648689, 'support': 50702.0}, 'Anomaly': {'precision': 0.027482447342026078, 'recall': 0.019524013111016102, 'f1-score': 0.022829528411931345, 'support': 14034.0}, 'accuracy': 0.6376668314384577, 'macro avg': {'precision': 0.3881158356565515, 'recall': 0.41414447667502996, 'f1-score': 0.4002151586384001, 'support': 64736.0}, 'weighted avg': {'precision': 0.592387107942714, 'recall': 0.6376668314384577, 'f1-score': 0.6139752965700636, 'support': 64736.0}}"
0.847,16728.97283203125,0.4147399877249707,0.6386400148294612,0.526690001277216,"{'Normal': {'precision': 0.7490288340537288, 'recall': 0.8100272178612283, 'f1-score': 0.7783347388968379, 'support': 50702.0}, 'Anomaly': {'precision': 0.02756183745583039, 'recall': 0.019452757588713124, 'f1-score': 0.022807970257738418, 'support': 14034.0}, 'accuracy': 0.6386400148294612, 'macro avg': {'precision': 0.3882953357547796, 'recall': 0.4147399877249707, 'f1-score': 0.40057135457728815, 'support': 64736.0}, 'weighted avg': {'precision': 0.5926233127015459, 'recall': 0.6386400148294612, 'f1-score': 0.61454546135295, 'support': 64736.0}}"
0.848,16729.245234375,0.4153809880799863,0.6396440929312902,0.5275125405056382,"{'Normal': {'precision': 0.7493259982512387, 'recall': 0.8113092185712595, 'f1-score': 0.7790867251273699, 'support': 50702.0}, 'Anomaly': {'precision': 0.02774390243902439, 'recall': 0.019452757588713124, 'f1-score': 0.022870067856245287, 'support': 14034.0}, 'accuracy': 0.6396440929312902, 'macro avg': {'precision': 0.3885349503451315, 'recall': 0.4153809880799863, 'f1-score': 0.40097839649180755, 'support': 64736.0}, 'weighted avg': {'precision': 0.5928955247491902, 'recall': 0.6396440929312902, 'f1-score': 0.6151478878784982, 'support': 64736.0}}"
0.849,16729.412197265625,0.4160219884350019,0.6406481710331191,0.5283350797340605,"{'Normal': {'precision': 0.749622459562235, 'recall': 0.8125912192812906, 'f1-score': 0.7798377861692362, 'support': 50702.0}, 'Anomaly': {'precision': 0.02792838874680307, 'recall': 0.019452757588713124, 'f1-score': 0.02293250451509933, 'support': 14034.0}, 'accuracy': 0.6406481710331191, 'macro avg': {'precision': 0.38877542415451904, 'recall': 0.4160219884350019, 'f1-score': 0.40138514534216774, 'support': 64736.0}, 'weighted avg': {'precision': 0.593167711202377, 'recall': 0.6406481710331191, 'f1-score': 0.6157496632896305, 'support': 64736.0}}"
0.85,16763.77978515625,0.4147880657380271,0.6403701186356896,0.5275790921868584,"{'Normal': {'precision': 0.7491685597455702, 'recall': 0.8130448503017632, 'f1-score': 0.7798008077406906, 'support': 50702.0}, 'Anomaly': {'precision': 0.023890433528987745, 'recall': 0.016531281174291007, 'f1-score': 0.019540955990734892, 'support': 14034.0}, 'accuracy': 0.6403701186356896, 'macro avg': {'precision': 0.386529496637279, 'recall': 0.4147880657380271, 'f1-score': 0.39967088186571276, 'support': 64736.0}, 'weighted avg': {'precision': 0.5919368305172658, 'recall': 0.6403701186356896, 'f1-score': 0.6149854536956634, 'support': 64736.0}}"
0.851,17019.529296875,0.41525697041666676,0.6412660652496293,0.528261517833148,"{'Normal': {'precision': 0.7493964531411664, 'recall': 0.8142676817482545, 'f1-score': 0.7804864215968921, 'support': 50702.0}, 'Anomaly': {'precision': 0.02363919129082426, 'recall': 0.016246259085079092, 'f1-score': 0.019257569998733053, 'support': 14034.0}, 'accuracy': 0.6412660652496293, 'macro avg': {'precision': 0.38651782221599534, 'recall': 0.41525697041666676, 'f1-score': 0.3998719957978126, 'support': 64736.0}, 'weighted avg': {'precision': 0.592060852968037, 'recall': 0.6412660652496293, 'f1-score': 0.6154609998326719, 'support': 64736.0}}"
0.852,17019.5883203125,0.41588810922775904,0.6422546959960455,0.5290714026119022,"{'Normal': {'precision': 0.7496872450367147, 'recall': 0.815529959370439, 'f1-score': 0.7812237263478088, 'support': 50702.0}, 'Anomaly': {'precision': 0.023797098423964096, 'recall': 0.016246259085079092, 'f1-score': 0.01930976074528901, 'support': 14034.0}, 'accuracy': 0.6422546959960455, 'macro avg': {'precision': 0.38674217173033937, 'recall': 0.41588810922775904, 'f1-score': 0.4002667435465489, 'support': 64736.0}, 'weighted avg': {'precision': 0.592322837017014, 'recall': 0.6422546959960455, 'f1-score': 0.6160497799614741, 'support': 64736.0}}"
0.853,17019.6484375,0.4165291095827746,0.6432587740978745,0.5298939418403246,"{'Normal': {'precision': 0.7499818906193408, 'recall': 0.8168119600804702, 'f1-score': 0.7819716395083175, 'support': 50702.0}, 'Anomaly': {'precision': 0.02395964691046658, 'recall': 0.016246259085079092, 'f1-score': 0.019363057324840765, 'support': 14034.0}, 'accuracy': 0.6432587740978745, 'macro avg': {'precision': 0.3869707687649037, 'recall': 0.4165291095827746, 'f1-score': 0.40066734841657914, 'support': 64736.0}, 'weighted avg': {'precision': 0.5925888455098138, 'recall': 0.6432587740978745, 'f1-score': 0.6166471084535271, 'support': 64736.0}}"
0.854,17019.701171875,0.41718983302563684,0.6442937469105289,0.5307417899680829,"{'Normal': {'precision': 0.7502848770958815, 'recall': 0.8181334069661946, 'f1-score': 0.7827416052609233, 'support': 50702.0}, 'Anomaly': {'precision': 0.024129537517197586, 'recall': 0.016246259085079092, 'f1-score': 0.019418302601882213, 'support': 14034.0}, 'accuracy': 0.6442937469105289, 'macro avg': {'precision': 0.38720720730653957, 'recall': 0.41718983302563684, 'f1-score': 0.4010799539314028, 'support': 64736.0}, 'weighted avg': {'precision': 0.5928629783741927, 'recall': 0.6442937469105289, 'f1-score': 0.6172621312508365, 'support': 64736.0}}"
0.855,17019.805517578126,0.41780124874888247,0.6452514829461197,0.5315263658475011,"{'Normal': {'precision': 0.7505645991797503, 'recall': 0.8193562384126859, 'f1-score': 0.7834532441938312, 'support': 50702.0}, 'Anomaly': {'precision': 0.024288910194950462, 'recall': 0.016246259085079092, 'f1-score': 0.019469706673498142, 'support': 14034.0}, 'accuracy': 0.6452514829461197, 'macro avg': {'precision': 0.3874267546873504, 'recall': 0.41780124874888247, 'f1-score': 0.40146147543366467, 'support': 64736.0}, 'weighted avg': {'precision': 0.5931166101286398, 'recall': 0.6452514829461197, 'f1-score': 0.6178306390659216, 'support': 64736.0}}"
0.856,17019.904921875,0.41844224910389805,0.6462555610479486,0.5323489050759234,"{'Normal': {'precision': 0.7508571841050998, 'recall': 0.820638239122717, 'f1-score': 0.7841984243657883, 'support': 50702.0}, 'Anomaly': {'precision': 0.02445827075734821, 'recall': 0.016246259085079092, 'f1-score': 0.019523891077239255, 'support': 14034.0}, 'accuracy': 0.6462555610479486, 'macro avg': {'precision': 0.387657727431224, 'recall': 0.41844224910389805, 'f1-score': 0.4018611577215138, 'support': 64736.0}, 'weighted avg': {'precision': 0.5933824814678911, 'recall': 0.6462555610479486, 'f1-score': 0.6184260195188485, 'support': 64736.0}}"
0.857,17020.05859375,0.4190832494589136,0.6472596391497776,0.5331714443043456,"{'Normal': {'precision': 0.7511490834369762, 'recall': 0.8219202398327482, 'f1-score': 0.7849426921954021, 'support': 50702.0}, 'Anomaly': {'precision': 0.02463000972237226, 'recall': 0.016246259085079092, 'f1-score': 0.01957837791421579, 'support': 14034.0}, 'accuracy': 0.6472596391497776, 'macro avg': {'precision': 0.3878895465796742, 'recall': 0.4190832494589136, 'f1-score': 0.40226053505480897, 'support': 64736.0}, 'weighted avg': {'precision': 0.5936483314518249, 'recall': 0.6472596391497776, 'f1-score': 0.6190207509784259, 'support': 64736.0}}"
0.858,17058.01880859375,0.4197143882700059,0.6482482698961938,0.5339813290830998,"{'Normal': {'precision': 0.7514358244963362, 'recall': 0.8231825174549328, 'f1-score': 0.7856746199821169, 'support': 50702.0}, 'Anomaly': {'precision': 0.02480147938648972, 'recall': 0.016246259085079092, 'f1-score': 0.019632324449993542, 'support': 14034.0}, 'accuracy': 0.6482482698961938, 'macro avg': {'precision': 0.38811865194141293, 'recall': 0.4197143882700059, 'f1-score': 0.4026534722160552, 'support': 64736.0}, 'weighted avg': {'precision': 0.5939100830345284, 'recall': 0.6482482698961938, 'f1-score': 0.6196057004397012, 'support': 64736.0}}"
0.859,17058.146484375,0.42039483480071477,0.6493141374196737,0.5348544861101943,"{'Normal': {'precision': 0.7517442278644897, 'recall': 0.8245434105163505, 'f1-score': 0.7864627424421995, 'support': 50702.0}, 'Anomaly': {'precision': 0.02498903989478299, 'recall': 0.016246259085079092, 'f1-score': 0.019690819587183696, 'support': 14034.0}, 'accuracy': 0.6493141374196737, 'macro avg': {'precision': 0.3883666338796363, 'recall': 0.42039483480071477, 'f1-score': 0.4030767810146916, 'support': 64736.0}, 'weighted avg': {'precision': 0.5941922890983183, 'recall': 0.6493141374196737, 'f1-score': 0.6202356483160982, 'support': 64736.0}}"
0.86,17058.1642578125,0.42099638898003705,0.6502564260998517,0.5356264075399444,"{'Normal': {'precision': 0.7520162376735581, 'recall': 0.8257465188749951, 'f1-score': 0.7871586368977673, 'support': 50702.0}, 'Anomaly': {'precision': 0.025157232704402517, 'recall': 0.016246259085079092, 'f1-score': 0.019742823743343293, 'support': 14034.0}, 'accuracy': 0.6502564260998517, 'macro avg': {'precision': 0.3885867351889803, 'recall': 0.42099638898003705, 'f1-score': 0.4034507303205553, 'support': 64736.0}, 'weighted avg': {'precision': 0.5944417926084146, 'recall': 0.6502564260998517, 'f1-score': 0.6207919549617628, 'support': 64736.0}}"
0.861,17514.7278515625,0.42089969890993245,0.6507507414730598,0.5358252201914961,"{'Normal': {'precision': 0.7520139225290202, 'recall': 0.8266932270916335, 'f1-score': 0.7875872565507004, 'support': 50702.0}, 'Anomaly': {'precision': 0.023558173130347818, 'recall': 0.015106170728231437, 'f1-score': 0.018408370598706203, 'support': 14034.0}, 'accuracy': 0.6507507414730598, 'macro avg': {'precision': 0.387786047829684, 'recall': 0.42089969890993245, 'f1-score': 0.4029978135747033, 'support': 64736.0}, 'weighted avg': {'precision': 0.5940933221357155, 'recall': 0.6507507414730598, 'f1-score': 0.620838361261367, 'support': 64736.0}}"
0.862,17516.1103125,0.4188113409604597,0.6499011369253583,0.5343562389429091,"{'Normal': {'precision': 0.7512275545679367, 'recall': 0.8267918425308667, 'f1-score': 0.787200480733118, 'support': 50702.0}, 'Anomaly': {'precision': 0.01701365569733602, 'recall': 0.01083083939005273, 'f1-score': 0.013235806339254615, 'support': 14034.0}, 'accuracy': 0.6499011369253583, 'macro avg': {'precision': 0.38412060513263635, 'recall': 0.4188113409604597, 'f1-score': 0.4002181435361863, 'support': 64736.0}, 'weighted avg': {'precision': 0.5920586553966871, 'recall': 0.6499011369253583, 'f1-score': 0.6194140830495497, 'support': 64736.0}}"
0.863,17516.74552734375,0.41908842687487685,0.6506580573405832,0.53487324210773,"{'Normal': {'precision': 0.7513737984856892, 'recall': 0.8279160585381248, 'f1-score': 0.787790070283103, 'support': 50702.0}, 'Anomaly': {'precision': 0.016236328785657908, 'recall': 0.010260795211628902, 'f1-score': 0.012574771863947955, 'support': 14034.0}, 'accuracy': 0.6506580573405832, 'macro avg': {'precision': 0.38380506363567357, 'recall': 0.41908842687487685, 'f1-score': 0.4001824210735255, 'support': 64736.0}, 'weighted avg': {'precision': 0.5920046800698119, 'recall': 0.6506580573405832, 'f1-score': 0.6197325520858956, 'support': 64736.0}}"
0.864,17517.566953125,0.41968393792481756,0.6516312407315867,0.5356575893282022,"{'Normal': {'precision': 0.7516448544661375, 'recall': 0.8291783361603092, 'f1-score': 0.7885102312583229, 'support': 50702.0}, 'Anomaly': {'precision': 0.016242616992276238, 'recall': 0.010189539689325922, 'f1-score': 0.012522988002452053, 'support': 14034.0}, 'accuracy': 0.6516312407315867, 'macro avg': {'precision': 0.38394373572920687, 'recall': 0.41968393792481756, 'f1-score': 0.4005166096303875, 'support': 64736.0}, 'weighted avg': {'precision': 0.5922183375248967, 'recall': 0.6516312407315867, 'f1-score': 0.6202853645403777, 'support': 64736.0}}"
0.865,17517.726123046876,0.42031507673590984,0.6526198714780029,0.5364674741069564,"{'Normal': {'precision': 0.7519287091935138, 'recall': 0.8304406137824938, 'f1-score': 0.7892369116572007, 'support': 50702.0}, 'Anomaly': {'precision': 0.016361556064073225, 'recall': 0.010189539689325922, 'f1-score': 0.012558180381136383, 'support': 14034.0}, 'accuracy': 0.6526198714780029, 'macro avg': {'precision': 0.3841451326287935, 'recall': 0.42031507673590984, 'f1-score': 0.40089754601916855, 'support': 64736.0}, 'weighted avg': {'precision': 0.5924664404864796, 'recall': 0.6526198714780029, 'f1-score': 0.6208621385058121, 'support': 64736.0}}"
0.866,17517.75,0.42097580017877206,0.6536548442906575,0.5373153222347148,"{'Normal': {'precision': 0.7522251752492731, 'recall': 0.8317620606682182, 'f1-score': 0.7899967217721163, 'support': 50702.0}, 'Anomaly': {'precision': 0.01648795111264845, 'recall': 0.010189539689325922, 'f1-score': 0.012595234949575021, 'support': 14034.0}, 'accuracy': 0.6536548442906575, 'macro avg': {'precision': 0.3843565631809608, 'recall': 0.42097580017877206, 'f1-score': 0.4012959783608457, 'support': 64736.0}, 'weighted avg': {'precision': 0.5927260371571236, 'recall': 0.6536548442906575, 'f1-score': 0.621465263756985, 'support': 64736.0}}"
0.867,17517.783203125,0.4217647236926374,0.6548906327236778,0.5383276782081576,"{'Normal': {'precision': 0.7525782377144079, 'recall': 0.8333399076959489, 'f1-score': 0.7909027095325003, 'support': 50702.0}, 'Anomaly': {'precision': 0.01664145234493192, 'recall': 0.010189539689325922, 'f1-score': 0.012639766650461837, 'support': 14034.0}, 'accuracy': 0.6548906327236778, 'macro avg': {'precision': 0.38460984502966994, 'recall': 0.4217647236926374, 'f1-score': 0.4017712380914811, 'support': 64736.0}, 'weighted avg': {'precision': 0.59303583710462, 'recall': 0.6548906327236778, 'f1-score': 0.6221844980210303, 'support': 64736.0}}"
0.868,17517.78515625,0.42233669324018974,0.6557865793376174,0.5390616362889036,"{'Normal': {'precision': 0.7528335794736748, 'recall': 0.8344838467910536, 'f1-score': 0.7915587027492212, 'support': 50702.0}, 'Anomaly': {'precision': 0.016754540128881078, 'recall': 0.010189539689325922, 'f1-score': 0.01267224954583721, 'support': 14034.0}, 'accuracy': 0.6557865793376174, 'macro avg': {'precision': 0.38479405980127795, 'recall': 0.42233669324018974, 'f1-score': 0.40211547614752924, 'support': 64736.0}, 'weighted avg': {'precision': 0.593260339882646, 'recall': 0.6557865793376174, 'f1-score': 0.6227053215663201, 'support': 64736.0}}"
0.869,17517.79296875,0.42299741668305196,0.6568215521502718,0.5399094844166619,"{'Normal': {'precision': 0.7531278879647402, 'recall': 0.835805293676778, 'f1-score': 0.7923156025053754, 'support': 50702.0}, 'Anomaly': {'precision': 0.016887104393008976, 'recall': 0.010189539689325922, 'f1-score': 0.012709981334992446, 'support': 14034.0}, 'accuracy': 0.6568215521502718, 'macro avg': {'precision': 0.3850074961788746, 'recall': 0.42299741668305196, 'f1-score': 0.4025127919201839, 'support': 64736.0}, 'weighted avg': {'precision': 0.59351958413618, 'recall': 0.6568215521502718, 'f1-score': 0.6233063142035778, 'support': 64736.0}}"
0.87,17517.80078125,0.42367786321376083,0.6578874196737519,0.5407826414437563,"{'Normal': {'precision': 0.7534302501020643, 'recall': 0.8371661867381958, 'f1-score': 0.7930941058866394, 'support': 50702.0}, 'Anomaly': {'precision': 0.017025836409096322, 'recall': 0.010189539689325922, 'f1-score': 0.012749075023403023, 'support': 14034.0}, 'accuracy': 0.6578874196737519, 'macro avg': {'precision': 0.3852280432555803, 'recall': 0.42367786321376083, 'f1-score': 0.40292159045502124, 'support': 64736.0}, 'weighted avg': {'precision': 0.5937864731963687, 'recall': 0.6578874196737519, 'f1-score': 0.6239245222989191, 'support': 64736.0}}"
0.871,17517.808955078126,0.42415121732208,0.6586288927335641,0.541390055027822,"{'Normal': {'precision': 0.7536401525228341, 'recall': 0.8381128949548341, 'f1-score': 0.7936350817559554, 'support': 50702.0}, 'Anomaly': {'precision': 0.017123697760747215, 'recall': 0.010189539689325922, 'f1-score': 0.012776412776412777, 'support': 14034.0}, 'accuracy': 0.6586288927335641, 'macro avg': {'precision': 0.38538192514179065, 'recall': 0.42415121732208, 'f1-score': 0.4032057472661841, 'support': 64736.0}, 'weighted avg': {'precision': 0.593972086437022, 'recall': 0.6586288927335641, 'f1-score': 0.6243541474928113, 'support': 64736.0}}"
0.872,17518.27296875,0.4247823561331723,0.6596175234799803,0.5421999398065762,"{'Normal': {'precision': 0.7539194671296214, 'recall': 0.8393751725770187, 'f1-score': 0.7943556289721981, 'support': 50702.0}, 'Anomaly': {'precision': 0.017255943043320864, 'recall': 0.010189539689325922, 'f1-score': 0.0128130460104834, 'support': 14034.0}, 'accuracy': 0.6596175234799803, 'macro avg': {'precision': 0.38558770508647117, 'recall': 0.4247823561331723, 'f1-score': 0.40358433749134076, 'support': 64736.0}, 'weighted avg': {'precision': 0.5942195181518171, 'recall': 0.6596175234799803, 'f1-score': 0.6249264302375729, 'support': 64736.0}}"
0.873,17603.595703125,0.42543321803211115,0.660637048937222,0.5430351334846666,"{'Normal': {'precision': 0.7542068477395382, 'recall': 0.8406768963748964, 'f1-score': 0.7950977923277093, 'support': 50702.0}, 'Anomaly': {'precision': 0.01739447755747476, 'recall': 0.010189539689325922, 'f1-score': 0.012851044709054146, 'support': 14034.0}, 'accuracy': 0.660637048937222, 'macro avg': {'precision': 0.3858006626485065, 'recall': 0.42543321803211115, 'f1-score': 0.40397441851838173, 'support': 64736.0}, 'weighted avg': {'precision': 0.5944746306866607, 'recall': 0.660637048937222, 'f1-score': 0.6255159390145573, 'support': 64736.0}}"
0.874,17930.32693359375,0.42606435684320343,0.6616256796836382,0.5438450182634208,"{'Normal': {'precision': 0.7544848795489493, 'recall': 0.841939173997081, 'f1-score': 0.795816593805054, 'support': 50702.0}, 'Anomaly': {'precision': 0.017530955007968616, 'recall': 0.010189539689325922, 'f1-score': 0.012888107791446984, 'support': 14034.0}, 'accuracy': 0.6616256796836382, 'macro avg': {'precision': 0.38600791727845896, 'recall': 0.42606435684320343, 'f1-score': 0.4043523507982505, 'support': 64736.0}, 'weighted avg': {'precision': 0.5947219751834011, 'recall': 0.6616256796836382, 'f1-score': 0.6260869476620274, 'support': 64736.0}}"
0.875,17930.390869140625,0.426705357198219,0.6626297577854672,0.5446675574918431,"{'Normal': {'precision': 0.7547666125273639, 'recall': 0.8432211747071121, 'f1-score': 0.7965457492594041, 'support': 50702.0}, 'Anomaly': {'precision': 0.017671774592189816, 'recall': 0.010189539689325922, 'f1-score': 0.012925969447708578, 'support': 14034.0}, 'accuracy': 0.6626297577854672, 'macro avg': {'precision': 0.38621919355977685, 'recall': 0.426705357198219, 'f1-score': 0.4047358593535564, 'support': 64736.0}, 'weighted avg': {'precision': 0.5949731598027248, 'recall': 0.6626297577854672, 'f1-score': 0.6266662387879921, 'support': 64736.0}}"
0.876,17930.5505078125,0.4273364960093113,0.6636183885318834,0.5454774422705974,"{'Normal': {'precision': 0.755043380122734, 'recall': 0.8444834523292967, 'f1-score': 0.7972628246904385, 'support': 50702.0}, 'Anomaly': {'precision': 0.017812655705032387, 'recall': 0.010189539689325922, 'f1-score': 0.012963466594143777, 'support': 14034.0}, 'accuracy': 0.6636183885318834, 'macro avg': {'precision': 0.3864280179138832, 'recall': 0.4273364960093113, 'f1-score': 0.4051131456422912, 'support': 64736.0}, 'weighted avg': {'precision': 0.5952204688140645, 'recall': 0.6636183885318834, 'f1-score': 0.6272359896755565, 'support': 64736.0}}"
0.877,19186.56287109375,0.42797749636432686,0.6646224666337123,0.5462999814990196,"{'Normal': {'precision': 0.7553238335124091, 'recall': 0.8457654530393278, 'f1-score': 0.797990230286113, 'support': 50702.0}, 'Anomaly': {'precision': 0.01795805600904182, 'recall': 0.010189539689325922, 'f1-score': 0.013001772969041233, 'support': 14034.0}, 'accuracy': 0.6646224666337123, 'macro avg': {'precision': 0.3866409447607254, 'recall': 0.42797749636432686, 'f1-score': 0.40549600162757715, 'support': 64736.0}, 'weighted avg': {'precision': 0.595471644290303, 'recall': 0.6646224666337123, 'f1-score': 0.6278140067012795, 'support': 64736.0}}"
0.878,19186.96158203125,0.42861849671934243,0.6656265447355413,0.5471225207274418,"{'Normal': {'precision': 0.7556036454484676, 'recall': 0.847047453749359, 'f1-score': 0.7987167565557002, 'support': 50702.0}, 'Anomaly': {'precision': 0.018105849582172703, 'recall': 0.010189539689325922, 'f1-score': 0.01304030640160496, 'support': 14034.0}, 'accuracy': 0.6656265447355413, 'macro avg': {'precision': 0.3868547475153201, 'recall': 0.42861849671934243, 'f1-score': 0.40587853147865255, 'support': 64736.0}, 'weighted avg': {'precision': 0.5957228362049619, 'recall': 0.6656265447355413, 'f1-score': 0.6283913842518418, 'support': 64736.0}}"
0.879,21556.41236328125,0.42921400776928326,0.6665997281265448,0.547906867947914,"{'Normal': {'precision': 0.7558652443632146, 'recall': 0.8483097313715435, 'f1-score': 0.7994238185957901, 'support': 50702.0}, 'Anomaly': {'precision': 0.018128430997063703, 'recall': 0.010118284167022944, 'f1-score': 0.012987606896236337, 'support': 14034.0}, 'accuracy': 0.6665997281265448, 'macro avg': {'precision': 0.38699683768013915, 'recall': 0.42921400776928326, 'f1-score': 0.40620571274601325, 'support': 64736.0}, 'weighted avg': {'precision': 0.5959326189495258, 'recall': 0.6665997281265448, 'f1-score': 0.6289337389648038, 'support': 64736.0}}"
0.88,21556.65625,0.42985500812429883,0.6676038062283737,0.5487294071763362,"{'Normal': {'precision': 0.7561438000280859, 'recall': 0.8495917320815747, 'f1-score': 0.8001486022104579, 'support': 50702.0}, 'Anomaly': {'precision': 0.018280123583934087, 'recall': 0.010118284167022944, 'f1-score': 0.013026327859829373, 'support': 14034.0}, 'accuracy': 0.6676038062283737, 'macro avg': {'precision': 0.38721196180601, 'recall': 0.42985500812429883, 'f1-score': 0.40658746503514365, 'support': 64736.0}, 'weighted avg': {'precision': 0.5961836721978643, 'recall': 0.6676038062283737, 'f1-score': 0.6295097923019569, 'support': 64736.0}}"
0.881,21556.849609375,0.4304960084793144,0.6686078843302027,0.5495519464047586,"{'Normal': {'precision': 0.7564217207581576, 'recall': 0.8508737327916058, 'f1-score': 0.800872511254467, 'support': 50702.0}, 'Anomaly': {'precision': 0.01843437621705829, 'recall': 0.010118284167022944, 'f1-score': 0.013065280397478953, 'support': 14034.0}, 'accuracy': 0.6686078843302027, 'macro avg': {'precision': 0.3874280484876079, 'recall': 0.4304960084793144, 'f1-score': 0.406968895825973, 'support': 64736.0}, 'weighted avg': {'precision': 0.5964347831455497, 'recall': 0.6686078843302027, 'f1-score': 0.6300852108675575, 'support': 64736.0}}"
0.882,23306.468144531143,0.4309451900701074,0.6694729362333168,0.5502090631517121,"{'Normal': {'precision': 0.7566246913147802, 'recall': 0.8520571180624038, 'f1-score': 0.8015102180910769, 'support': 50702.0}, 'Anomaly': {'precision': 0.01806519177902867, 'recall': 0.00983326207781103, 'f1-score': 0.012734739076270013, 'support': 14034.0}, 'accuracy': 0.6694729362333168, 'macro avg': {'precision': 0.3873449415469044, 'recall': 0.4309451900701074, 'f1-score': 0.40712247858367345, 'support': 64736.0}, 'weighted avg': {'precision': 0.5965137172588493, 'recall': 0.6694729362333168, 'f1-score': 0.630513012942569, 'support': 64736.0}}"
0.883,23973.5566796875,0.431586190425123,0.6704770143351458,0.5510316023801344,"{'Normal': {'precision': 0.7569014380182639, 'recall': 0.853339118772435, 'f1-score': 0.8022324408514425, 'support': 50702.0}, 'Anomaly': {'precision': 0.018220227092685504, 'recall': 0.00983326207781103, 'f1-score': 0.012773047019622362, 'support': 14034.0}, 'accuracy': 0.6704770143351458, 'macro avg': {'precision': 0.3875608325554747, 'recall': 0.431586190425123, 'f1-score': 0.40750274393553243, 'support': 64736.0}, 'weighted avg': {'precision': 0.5967640783709337, 'recall': 0.6704770143351458, 'f1-score': 0.63108697105047, 'support': 64736.0}}"
0.884,23973.627890625,0.43221732923621525,0.671465645081562,0.5518414871588886,"{'Normal': {'precision': 0.7571733128298326, 'recall': 0.8546013963946195, 'f1-score': 0.8029427025424357, 'support': 50702.0}, 'Anomaly': {'precision': 0.01837549933422104, 'recall': 0.00983326207781103, 'f1-score': 0.012810991459339028, 'support': 14034.0}, 'accuracy': 0.671465645081562, 'macro avg': {'precision': 0.3877744060820268, 'recall': 0.43221732923621525, 'f1-score': 0.4078768470008874, 'support': 64736.0}, 'weighted avg': {'precision': 0.597010675122878, 'recall': 0.671465645081562, 'f1-score': 0.6316514823042347, 'support': 64736.0}}"
0.885,23973.752880859374,0.43285832959123083,0.672469723183391,0.5526640263873109,"{'Normal': {'precision': 0.7574488139498351, 'recall': 0.8558833971046507, 'f1-score': 0.8036632003926181, 'support': 50702.0}, 'Anomaly': {'precision': 0.018535930154466085, 'recall': 0.00983326207781103, 'f1-score': 0.012849760230923227, 'support': 14034.0}, 'accuracy': 0.672469723183391, 'macro avg': {'precision': 0.3879923720521506, 'recall': 0.43285832959123083, 'f1-score': 0.40825648031177064, 'support': 64736.0}, 'weighted avg': {'precision': 0.5972612303613494, 'recall': 0.672469723183391, 'f1-score': 0.632224189344218, 'support': 64736.0}}"
0.886,23973.8203125,0.43350919149016975,0.6734892486406328,0.5534992200654012,"{'Normal': {'precision': 0.757727914639887, 'recall': 0.8571851209025285, 'f1-score': 0.804393895927225, 'support': 50702.0}, 'Anomaly': {'precision': 0.01870172110042011, 'recall': 0.00983326207781103, 'f1-score': 0.01288936627282492, 'support': 14034.0}, 'accuracy': 0.6734892486406328, 'macro avg': {'precision': 0.38821481787015355, 'recall': 0.43350919149016975, 'f1-score': 0.40864163110002494, 'support': 64736.0}, 'weighted avg': {'precision': 0.5975157668375378, 'recall': 0.6734892486406328, 'f1-score': 0.6328050648414326, 'support': 64736.0}}"
0.887,23973.90625,0.43415019184518533,0.6744933267424617,0.5543217592938234,"{'Normal': {'precision': 0.7580021594510815, 'recall': 0.8584671216125597, 'f1-score': 0.8051126484406792, 'support': 50702.0}, 'Anomaly': {'precision': 0.018867924528301886, 'recall': 0.00983326207781103, 'f1-score': 0.012928611579539067, 'support': 14034.0}, 'accuracy': 0.6744933267424617, 'macro avg': {'precision': 0.3884350419896917, 'recall': 0.43415019184518533, 'f1-score': 0.40902063001010913, 'support': 64736.0}, 'weighted avg': {'precision': 0.5977665895532459, 'recall': 0.6744933267424617, 'f1-score': 0.6333765082202572, 'support': 64736.0}}"
0.888,23974.246171875,0.43477146911235426,0.6754665101334651,0.5551189896229097,"{'Normal': {'precision': 0.7582673740975907, 'recall': 0.8597096761468975, 'f1-score': 0.8058084612753843, 'support': 50702.0}, 'Anomaly': {'precision': 0.019031857674803476, 'recall': 0.00983326207781103, 'f1-score': 0.012966878083157152, 'support': 14034.0}, 'accuracy': 0.6754665101334651, 'macro avg': {'precision': 0.38864961588619706, 'recall': 0.43477146911235426, 'f1-score': 0.4093876696792707, 'support': 64736.0}, 'weighted avg': {'precision': 0.598009847567107, 'recall': 0.6754665101334651, 'f1-score': 0.6339297727787253, 'support': 64736.0}}"
0.889,23974.855947265623,0.43541246946736983,0.6764705882352942,0.555941528851332,"{'Normal': {'precision': 0.7585403996524761, 'recall': 0.8609916768569287, 'f1-score': 0.8065255145401471, 'support': 50702.0}, 'Anomaly': {'precision': 0.0192040077929307, 'recall': 0.00983326207781103, 'f1-score': 0.013006597549481622, 'support': 14034.0}, 'accuracy': 0.6764705882352942, 'macro avg': {'precision': 0.3888722037227034, 'recall': 0.43541246946736983, 'f1-score': 0.40976605604481436, 'support': 64736.0}, 'weighted avg': {'precision': 0.5982610045190595, 'recall': 0.6764705882352942, 'f1-score': 0.6344999880781013, 'support': 64736.0}}"
0.89,23975.744140625,0.43606333136630876,0.6774901136925359,0.5567767225294223,"{'Normal': {'precision': 0.7588169952790892, 'recall': 0.8622934006548065, 'f1-score': 0.8072527188463597, 'support': 50702.0}, 'Anomaly': {'precision': 0.019382022471910114, 'recall': 0.00983326207781103, 'f1-score': 0.013047177838706627, 'support': 14034.0}, 'accuracy': 0.6774901136925359, 'macro avg': {'precision': 0.38909950887549966, 'recall': 0.43606333136630876, 'f1-score': 0.4101499483425332, 'support': 64736.0}, 'weighted avg': {'precision': 0.5985162289608744, 'recall': 0.6774901136925359, 'f1-score': 0.6350783404093014, 'support': 64736.0}}"
0.891,25495.62515625,0.4365481407182533,0.6783706129510628,0.5574593768346581,"{'Normal': {'precision': 0.7590284158879315, 'recall': 0.8634767859256045, 'f1-score': 0.8078906819460976, 'support': 50702.0}, 'Anomaly': {'precision': 0.01912994190165793, 'recall': 0.009619495510902095, 'f1-score': 0.012801668958323456, 'support': 14034.0}, 'accuracy': 0.6783706129510628, 'macro avg': {'precision': 0.3890791788947947, 'recall': 0.4365481407182533, 'f1-score': 0.4103461754522105, 'support': 64736.0}, 'weighted avg': {'precision': 0.5986271679899555, 'recall': 0.6783706129510628, 'f1-score': 0.6355247772212085, 'support': 64736.0}}"
0.892,25495.9453125,0.4371535133121174,0.679359243697479,0.5582563785047983,"{'Normal': {'precision': 0.7592865183132739, 'recall': 0.8647587866356357, 'f1-score': 0.8085977482088025, 'support': 50702.0}, 'Anomaly': {'precision': 0.019167501072807895, 'recall': 0.009548239988599116, 'f1-score': 0.012746730083234245, 'support': 14034.0}, 'accuracy': 0.679359243697479, 'macro avg': {'precision': 0.38922700969304086, 'recall': 0.4371535133121174, 'f1-score': 0.41067223914601836, 'support': 64736.0}, 'weighted avg': {'precision': 0.5988374592433173, 'recall': 0.679359243697479, 'f1-score': 0.6360666497724731, 'support': 64736.0}}"
0.893,25496.015751953124,0.43778465212320966,0.6803478744438952,0.5590662632835525,"{'Normal': {'precision': 0.7595530107768687, 'recall': 0.8660210642578202, 'f1-score': 0.80930043958677, 'support': 50702.0}, 'Anomaly': {'precision': 0.019344593619171357, 'recall': 0.009548239988599116, 'f1-score': 0.012785649539621202, 'support': 14034.0}, 'accuracy': 0.6803478744438952, 'macro avg': {'precision': 0.38944880219802, 'recall': 0.43778465212320966, 'f1-score': 0.4110430445631956, 'support': 64736.0}, 'weighted avg': {'precision': 0.5990845708610394, 'recall': 0.6803478744438952, 'f1-score': 0.6366254432397346, 'support': 64736.0}}"
0.894,25496.134765625,0.4384453755660719,0.6813828472565496,0.5599141114113108,"{'Normal': {'precision': 0.7598313636049485, 'recall': 0.8673425111435447, 'f1-score': 0.8100351820810846, 'support': 50702.0}, 'Anomaly': {'precision': 0.019533527696793004, 'recall': 0.009548239988599116, 'f1-score': 0.01282664879869819, 'support': 14034.0}, 'accuracy': 0.6813828472565496, 'macro avg': {'precision': 0.38968244565087073, 'recall': 0.4384453755660719, 'f1-score': 0.4114309154398914, 'support': 64736.0}, 'weighted avg': {'precision': 0.5993435387604253, 'recall': 0.6813828472565496, 'f1-score': 0.6372097903966276, 'support': 64736.0}}"
0.895,25496.21875,0.43908637592108746,0.6823869253583786,0.5607366506397331,"{'Normal': {'precision': 0.7601007921851539, 'recall': 0.8686245118535758, 'f1-score': 0.8107471259077897, 'support': 50702.0}, 'Anomaly': {'precision': 0.01972038263428992, 'recall': 0.009548239988599116, 'f1-score': 0.012866676268663882, 'support': 14034.0}, 'accuracy': 0.6823869253583786, 'macro avg': {'precision': 0.3899105874097219, 'recall': 0.43908637592108746, 'f1-score': 0.4118069010882268, 'support': 64736.0}, 'weighted avg': {'precision': 0.5995950663504279, 'recall': 0.6823869253583786, 'f1-score': 0.6377760706953037, 'support': 64736.0}}"
0.896,25496.33421875,0.4396977916443331,0.6833446613939693,0.5615212265191512,"{'Normal': {'precision': 0.7603572229022637, 'recall': 0.8698473433000671, 'f1-score': 0.8114254174141023, 'support': 50702.0}, 'Anomaly': {'precision': 0.019901975345314123, 'recall': 0.009548239988599116, 'f1-score': 0.01290508980594212, 'support': 14034.0}, 'accuracy': 0.6833446613939693, 'macro avg': {'precision': 0.3901295991237889, 'recall': 0.4396977916443331, 'f1-score': 0.4121652536100222, 'support': 64736.0}, 'weighted avg': {'precision': 0.5998352730719648, 'recall': 0.6833446613939693, 'f1-score': 0.638315644217536, 'support': 64736.0}}"
0.897,25497.4140625,0.44034865354327196,0.684364186851211,0.5623564201972415,"{'Normal': {'precision': 0.7606295958256557, 'recall': 0.8711490670979448, 'f1-score': 0.8121466199630416, 'support': 50702.0}, 'Anomaly': {'precision': 0.020098995050247488, 'recall': 0.009548239988599116, 'f1-score': 0.012946234481426018, 'support': 14034.0}, 'accuracy': 0.684364186851211, 'macro avg': {'precision': 0.3903642954379516, 'recall': 0.44034865354327196, 'f1-score': 0.41254642722223384, 'support': 64736.0}, 'weighted avg': {'precision': 0.6000913103078281, 'recall': 0.684364186851211, 'f1-score': 0.6388894182538073, 'support': 64736.0}}"
0.898,25497.55865234375,0.44097979235436424,0.6853528175976273,0.5631663049759958,"{'Normal': {'precision': 0.7608931243871812, 'recall': 0.8724113447201294, 'f1-score': 0.8128451325400836, 'support': 50702.0}, 'Anomaly': {'precision': 0.020293805845827653, 'recall': 0.009548239988599116, 'f1-score': 0.01298638367979842, 'support': 14034.0}, 'accuracy': 0.6853528175976273, 'macro avg': {'precision': 0.3905934651165044, 'recall': 0.44097979235436424, 'f1-score': 0.412915758109941, 'support': 64736.0}, 'weighted avg': {'precision': 0.6003399416695379, 'recall': 0.6853528175976273, 'f1-score': 0.639445205428349, 'support': 64736.0}}"
0.899,31566.486328125,0.44098394243833255,0.6859243697478992,0.5634541560931159,"{'Normal': {'precision': 0.7609196192309015, 'recall': 0.8734172222003077, 'f1-score': 0.8132966023875114, 'support': 50702.0}, 'Anomaly': {'precision': 0.01835423676965433, 'recall': 0.008550662676357419, 'f1-score': 0.0116663426015944, 'support': 14034.0}, 'accuracy': 0.6859243697478992, 'macro avg': {'precision': 0.3896369280002779, 'recall': 0.44098394243833255, 'f1-score': 0.4124814724945529, 'support': 64736.0}, 'weighted avg': {'precision': 0.5999402170827746, 'recall': 0.6859243697478992, 'f1-score': 0.6395126326359735, 'support': 64736.0}}"
0.9,31566.5546875,0.44162494279334813,0.6869284478497282,0.5642766953215381,"{'Normal': {'precision': 0.7611863446784408, 'recall': 0.8746992229103389, 'f1-score': 0.8140044968567889, 'support': 50702.0}, 'Anomaly': {'precision': 0.01853854472423915, 'recall': 0.008550662676357419, 'f1-score': 0.011703320817281903, 'support': 14034.0}, 'accuracy': 0.6869284478497282, 'macro avg': {'precision': 0.38986244470133996, 'recall': 0.44162494279334813, 'f1-score': 0.4128539088370354, 'support': 64736.0}, 'weighted avg': {'precision': 0.600189075391533, 'recall': 0.6869284478497282, 'f1-score': 0.6400750803877694, 'support': 64736.0}}"
0.901,31566.638671875,0.44222045384328895,0.6879016312407316,0.5650610425420103,"{'Normal': {'precision': 0.761435331230284, 'recall': 0.8759615005325234, 'f1-score': 0.8146932037054022, 'support': 50702.0}, 'Anomaly': {'precision': 0.018570536828963796, 'recall': 0.008479407154054439, 'f1-score': 0.011642696409353292, 'support': 14034.0}, 'accuracy': 0.6879016312407316, 'macro avg': {'precision': 0.3900029340296239, 'recall': 0.44222045384328895, 'f1-score': 0.4131679500573778, 'support': 64736.0}, 'weighted avg': {'precision': 0.6003910201108431, 'recall': 0.6879016312407316, 'f1-score': 0.640601341072667, 'support': 64736.0}}"
0.902,31566.70697265625,0.4427962418053831,0.6888439199209095,0.5658200808631463,"{'Normal': {'precision': 0.7616756006918874, 'recall': 0.8771843319790147, 'f1-score': 0.815359372278698, 'support': 50702.0}, 'Anomaly': {'precision': 0.0185973207249803, 'recall': 0.008408151631751461, 'f1-score': 0.011580548603955052, 'support': 14034.0}, 'accuracy': 0.6888439199209095, 'macro avg': {'precision': 0.3901364607084339, 'recall': 0.4427962418053831, 'f1-score': 0.41346996044132656, 'support': 64736.0}, 'weighted avg': {'precision': 0.6005850084239751, 'recall': 0.6888439199209095, 'f1-score': 0.6411096192594917, 'support': 64736.0}}"
0.903,31566.779296875,0.44340161439924713,0.6898325506673257,0.5666170825332865,"{'Normal': {'precision': 0.761927570692988, 'recall': 0.8784663326890458, 'f1-score': 0.8160573108951164, 'support': 50702.0}, 'Anomaly': {'precision': 0.018633540372670808, 'recall': 0.008336896109448481, 'f1-score': 0.011519716437749225, 'support': 14034.0}, 'accuracy': 0.6898325506673257, 'macro avg': {'precision': 0.3902805555328294, 'recall': 0.44340161439924713, 'f1-score': 0.41378851366643277, 'support': 64736.0}, 'weighted avg': {'precision': 0.6007902062973607, 'recall': 0.6898325506673257, 'f1-score': 0.6416430653344593, 'support': 64736.0}}"
0.904,31566.822265625,0.444052476298186,0.6908520761245674,0.5674522762113767,"{'Normal': {'precision': 0.7621960596688482, 'recall': 0.8797680564869236, 'f1-score': 0.8167727168688487, 'support': 50702.0}, 'Anomaly': {'precision': 0.01883148237566393, 'recall': 0.008336896109448481, 'f1-score': 0.011557267743369388, 'support': 14034.0}, 'accuracy': 0.6908520761245674, 'macro avg': {'precision': 0.39051377102225604, 'recall': 0.444052476298186, 'f1-score': 0.41416499230610904, 'support': 64736.0}, 'weighted avg': {'precision': 0.601043401522955, 'recall': 0.6908520761245674, 'f1-score': 0.6422115204244132, 'support': 64736.0}}"
0.905,31566.86328125,0.4447131997410482,0.691887048937222,0.5683001243391351,"{'Normal': {'precision': 0.7624679979518689, 'recall': 0.881089503372648, 'f1-score': 0.8174980785418878, 'support': 50702.0}, 'Anomaly': {'precision': 0.019036771884152294, 'recall': 0.008336896109448481, 'f1-score': 0.01159563924677899, 'support': 14034.0}, 'accuracy': 0.691887048937222, 'macro avg': {'precision': 0.3907523849180106, 'recall': 0.4447131997410482, 'f1-score': 0.4145468588943334, 'support': 64736.0}, 'weighted avg': {'precision': 0.6013008911390547, 'recall': 0.691887048937222, 'f1-score': 0.6427879507448728, 'support': 64736.0}}"
0.906,31566.89453125,0.4453443385521405,0.6928756796836382,0.5691100091178893,"{'Normal': {'precision': 0.7627271797319876, 'recall': 0.8823517809948326, 'f1-score': 0.8181901313142397, 'support': 50702.0}, 'Anomaly': {'precision': 0.01923709306149293, 'recall': 0.008336896109448481, 'f1-score': 0.01163253131835355, 'support': 14034.0}, 'accuracy': 0.6928756796836382, 'macro avg': {'precision': 0.39098213639674023, 'recall': 0.4453443385521405, 'f1-score': 0.4149113313162966, 'support': 64736.0}, 'weighted avg': {'precision': 0.6015473126358784, 'recall': 0.6928756796836382, 'f1-score': 0.6433379724174548, 'support': 64736.0}}"
0.907,31566.943359375,0.44596561581930944,0.6938488630746417,0.5699072394469755,"{'Normal': {'precision': 0.7629817599673008, 'recall': 0.8835943355291704, 'f1-score': 0.8188705800637914, 'support': 50702.0}, 'Anomaly': {'precision': 0.019438444924406047, 'recall': 0.008336896109448481, 'f1-score': 0.011669076946092854, 'support': 14034.0}, 'accuracy': 0.6938488630746417, 'macro avg': {'precision': 0.3912101024458534, 'recall': 0.44596561581930944, 'f1-score': 0.41526982850494215, 'support': 64736.0}, 'weighted avg': {'precision': 0.6017903535889026, 'recall': 0.6938488630746417, 'f1-score': 0.6438788305773576, 'support': 64736.0}}"
0.908,31566.9831640625,0.44658689308647836,0.694822046465645,0.5707044697760617,"{'Normal': {'precision': 0.7632357944879211, 'recall': 0.8848368900635083, 'f1-score': 0.8195502457024899, 'support': 50702.0}, 'Anomaly': {'precision': 0.01964405641370047, 'recall': 0.008336896109448481, 'f1-score': 0.011705852926463232, 'support': 14034.0}, 'accuracy': 0.694822046465645, 'macro avg': {'precision': 0.3914399254508108, 'recall': 0.44658689308647836, 'f1-score': 0.41562804931447656, 'support': 64736.0}, 'weighted avg': {'precision': 0.6020338905684078, 'recall': 0.694822046465645, 'f1-score': 0.6444191253333174, 'support': 64736.0}}"
0.909,31567.021484375,0.44725747807326394,0.6958724666337123,0.5715649723534881,"{'Normal': {'precision': 0.7635093800978793, 'recall': 0.8861780600370794, 'f1-score': 0.8202829758101323, 'support': 50702.0}, 'Anomaly': {'precision': 0.01987092391304348, 'recall': 0.008336896109448481, 'f1-score': 0.011745808653749624, 'support': 14034.0}, 'accuracy': 0.6958724666337123, 'macro avg': {'precision': 0.39169015200546137, 'recall': 0.44725747807326394, 'f1-score': 0.416014392231941, 'support': 64736.0}, 'weighted avg': {'precision': 0.6022973482439189, 'recall': 0.6958724666337123, 'f1-score': 0.6450016701398302, 'support': 64736.0}}"
0.91,31567.11884765625,0.4478590322525862,0.6968147553138903,0.5723368937832383,"{'Normal': {'precision': 0.7637542650528781, 'recall': 0.887381168395724, 'f1-score': 0.8209395042468366, 'support': 50702.0}, 'Anomaly': {'precision': 0.020078942852239573, 'recall': 0.008336896109448481, 'f1-score': 0.011781884094456473, 'support': 14034.0}, 'accuracy': 0.6968147553138903, 'macro avg': {'precision': 0.39191660395255884, 'recall': 0.4478590322525862, 'f1-score': 0.41636069417064653, 'support': 64736.0}, 'weighted avg': {'precision': 0.6025342410822317, 'recall': 0.6968147553138903, 'f1-score': 0.6455236916971192, 'support': 64736.0}}"
0.911,32331.072265625,0.44705423638913133,0.6968456500247158,0.5719499432069235,"{'Normal': {'precision': 0.7634760491733785, 'recall': 0.8880517533825095, 'f1-score': 0.8210654923092353, 'support': 50702.0}, 'Anomaly': {'precision': 0.014754382919632008, 'recall': 0.006056719395753171, 'f1-score': 0.008588027279616064, 'support': 14034.0}, 'accuracy': 0.6968456500247158, 'macro avg': {'precision': 0.3891152160465053, 'recall': 0.44705423638913133, 'f1-score': 0.4148267597944257, 'support': 64736.0}, 'weighted avg': {'precision': 0.6011620374302206, 'recall': 0.6968456500247158, 'f1-score': 0.6449299766112362, 'support': 64736.0}}"
0.912,32331.857421875,0.4472600667812455,0.6975716757291152,0.5724158712551803,"{'Normal': {'precision': 0.7635750821449138, 'recall': 0.8891759693897676, 'f1-score': 0.8216030033532585, 'support': 50702.0}, 'Anomaly': {'precision': 0.013171759747102213, 'recall': 0.005344164172723386, 'f1-score': 0.0076034063260340635, 'support': 14034.0}, 'accuracy': 0.6975716757291152, 'macro avg': {'precision': 0.38837342094600796, 'recall': 0.4472600667812455, 'f1-score': 0.4146032048396463, 'support': 64736.0}, 'weighted avg': {'precision': 0.6008965072170392, 'recall': 0.6975716757291152, 'f1-score': 0.6451375074208551, 'support': 64736.0}}"
0.913,32331.88671875,0.44791092868018445,0.6985912011863569,0.5732510649332707,"{'Normal': {'precision': 0.7638390742369899, 'recall': 0.8904776931876455, 'f1-score': 0.8223112649121209, 'support': 50702.0}, 'Anomaly': {'precision': 0.013326226012793176, 'recall': 0.005344164172723386, 'f1-score': 0.007628928898382667, 'support': 14034.0}, 'accuracy': 0.6985912011863569, 'macro avg': {'precision': 0.38858265012489157, 'recall': 0.44791092868018445, 'f1-score': 0.4149700969052518, 'support': 64736.0}, 'weighted avg': {'precision': 0.6011367554039082, 'recall': 0.6985912011863569, 'f1-score': 0.6456977592334135, 'support': 64736.0}}"
0.914,32331.93513671875,0.44850262131558344,0.6995180425111222,0.5740103319133528,"{'Normal': {'precision': 0.7640785559762033, 'recall': 0.8916610784584434, 'f1-score': 0.8229544006553199, 'support': 50702.0}, 'Anomaly': {'precision': 0.013469827586206896, 'recall': 0.005344164172723386, 'f1-score': 0.007652280379553107, 'support': 14034.0}, 'accuracy': 0.6995180425111222, 'macro avg': {'precision': 0.3887741917812051, 'recall': 0.44850262131558344, 'f1-score': 0.4153033405174365, 'support': 64736.0}, 'weighted avg': {'precision': 0.6013554514559177, 'recall': 0.6995180425111222, 'f1-score': 0.6462065330708211, 'support': 64736.0}}"
0.915,32331.953125,0.4492422371098322,0.7006765941670786,0.5749594156384554,"{'Normal': {'precision': 0.7643772260013841, 'recall': 0.8931403100469409, 'f1-score': 0.8237573332120606, 'support': 50702.0}, 'Anomaly': {'precision': 0.013653741125068269, 'recall': 0.005344164172723386, 'f1-score': 0.007681671531725304, 'support': 14034.0}, 'accuracy': 0.7006765941670786, 'macro avg': {'precision': 0.3890154835632262, 'recall': 0.4492422371098322, 'f1-score': 0.4157195023718929, 'support': 64736.0}, 'weighted avg': {'precision': 0.6016292436306134, 'recall': 0.7006765941670786, 'f1-score': 0.6468417709897759, 'support': 64736.0}}"
0.916,32332.033203125,0.44980434511346123,0.7015570934256056,0.5756807192695335,"{'Normal': {'precision': 0.7646037099494097, 'recall': 0.894264526054199, 'f1-score': 0.8243668296940055, 'support': 50702.0}, 'Anomaly': {'precision': 0.01379690949227373, 'recall': 0.005344164172723386, 'f1-score': 0.007704160246533128, 'support': 14034.0}, 'accuracy': 0.7015570934256056, 'macro avg': {'precision': 0.38920030972084174, 'recall': 0.44980434511346123, 'f1-score': 0.4160354949702693, 'support': 64736.0}, 'weighted avg': {'precision': 0.6018376657450188, 'recall': 0.7015570934256056, 'f1-score': 0.6473240111227958, 'support': 64736.0}}"
0.917,32332.07421875,0.45042562238063016,0.702530276816609,0.5764779495986195,"{'Normal': {'precision': 0.7648535282920338, 'recall': 0.8955070805885369, 'f1-score': 0.825039749239086, 'support': 50702.0}, 'Anomaly': {'precision': 0.013958682300390842, 'recall': 0.005344164172723386, 'f1-score': 0.007729169887154119, 'support': 14034.0}, 'accuracy': 0.702530276816609, 'macro avg': {'precision': 0.38940610529621233, 'recall': 0.45042562238063016, 'f1-score': 0.41638445956312004, 'support': 64736.0}, 'weighted avg': {'precision': 0.6020683968559439, 'recall': 0.702530276816609, 'f1-score': 0.6478564714550862, 'support': 64736.0}}"
0.918,32332.103515625,0.45101509030118936,0.703534354918438,0.5772747226098136,"{'Normal': {'precision': 0.7650928792569659, 'recall': 0.8968285274742613, 'f1-score': 0.8257395536346632, 'support': 50702.0}, 'Anomaly': {'precision': 0.013763197586726998, 'recall': 0.0052016531281174295, 'f1-score': 0.007549901747853967, 'support': 14034.0}, 'accuracy': 0.703534354918438, 'macro avg': {'precision': 0.3894280384218464, 'recall': 0.45101509030118936, 'f1-score': 0.4166447276912586, 'support': 64736.0}, 'weighted avg': {'precision': 0.6022134805829649, 'recall': 0.703534354918438, 'f1-score': 0.6483657033105857, 'support': 64736.0}}"
0.919,32332.11328125,0.4516758137440516,0.7045693277310925,0.578122570737572,"{'Normal': {'precision': 0.765357400964722, 'recall': 0.8981499743599858, 'f1-score': 0.826453480458435, 'support': 50702.0}, 'Anomaly': {'precision': 0.013939278212717204, 'recall': 0.0052016531281174295, 'f1-score': 0.007576150692750765, 'support': 14034.0}, 'accuracy': 0.7045693277310925, 'macro avg': {'precision': 0.38964833958871964, 'recall': 0.4516758137440516, 'f1-score': 0.4170148155755929, 'support': 64736.0}, 'weighted avg': {'precision': 0.6024588293090493, 'recall': 0.7045693277310925, 'f1-score': 0.6489305496945384, 'support': 64736.0}}"
0.92,32332.12109375,0.45241542953830033,0.705727879387049,0.5790716544626746,"{'Normal': {'precision': 0.7656528015577265, 'recall': 0.8996292059484833, 'f1-score': 0.827251623199971, 'support': 50702.0}, 'Anomaly': {'precision': 0.01414180550174351, 'recall': 0.0052016531281174295, 'f1-score': 0.007605751198166285, 'support': 14034.0}, 'accuracy': 0.705727879387049, 'macro avg': {'precision': 0.389897303529735, 'recall': 0.45241542953830033, 'f1-score': 0.41742868719906867, 'support': 64736.0}, 'weighted avg': {'precision': 0.6027340960669691, 'recall': 0.705727879387049, 'f1-score': 0.649562081558947, 'support': 64736.0}}"
0.921,32332.125,0.4531550453325491,0.7068864310430054,0.5800207381877772,"{'Normal': {'precision': 0.7659474593035926, 'recall': 0.9011084375369808, 'f1-score': 0.8280486810269051, 'support': 50702.0}, 'Anomaly': {'precision': 0.014350304698250443, 'recall': 0.0052016531281174295, 'f1-score': 0.007635583912975263, 'support': 14034.0}, 'accuracy': 0.7068864310430054, 'macro avg': {'precision': 0.39014888200092157, 'recall': 0.4531550453325491, 'f1-score': 0.4178421324699402, 'support': 64736.0}, 'weighted avg': {'precision': 0.6030100756572232, 'recall': 0.7068864310430054, 'f1-score': 0.6501928140456753, 'support': 64736.0}}"
0.922,32332.126953125,0.45366784561656154,0.7076896935244686,0.5806787695705151,"{'Normal': {'precision': 0.7661513207483962, 'recall': 0.9021340381050057, 'f1-score': 0.8286006720831861, 'support': 50702.0}, 'Anomaly': {'precision': 0.014498510427010924, 'recall': 0.0052016531281174295, 'f1-score': 0.007656405684619015, 'support': 14034.0}, 'accuracy': 0.7076896935244686, 'macro avg': {'precision': 0.39032491558770355, 'recall': 0.45366784561656154, 'f1-score': 0.41812853888390256, 'support': 64736.0}, 'weighted avg': {'precision': 0.6032018716003129, 'recall': 0.7076896935244686, 'f1-score': 0.650629653876354, 'support': 64736.0}}"
0.923,32332.12890625,0.4542693997958839,0.7086319822046465,0.5814506910002653,"{'Normal': {'precision': 0.7663900137210937, 'recall': 0.9033371464636504, 'f1-score': 0.8292475376593279, 'support': 50702.0}, 'Anomaly': {'precision': 0.014676316847607559, 'recall': 0.0052016531281174295, 'f1-score': 0.007680976430976431, 'support': 14034.0}, 'accuracy': 0.7086319822046465, 'macro avg': {'precision': 0.3905331652843506, 'recall': 0.4542693997958839, 'f1-score': 0.41846425704515217, 'support': 64736.0}, 'weighted avg': {'precision': 0.6034273650878371, 'recall': 0.7086319822046465, 'f1-score': 0.6511416132852751, 'support': 64736.0}}"
0.924,32332.130859375,0.4551273541172124,0.7099759021255561,0.5825516281213843,"{'Normal': {'precision': 0.7667296028337984, 'recall': 0.9050530551063074, 'f1-score': 0.8301688813307885, 'support': 50702.0}, 'Anomaly': {'precision': 0.014937589523224883, 'recall': 0.0052016531281174295, 'f1-score': 0.00771629406479573, 'support': 14034.0}, 'accuracy': 0.7099759021255561, 'macro avg': {'precision': 0.39083359617851166, 'recall': 0.4551273541172124, 'f1-score': 0.4189425876977921, 'support': 64736.0}, 'weighted avg': {'precision': 0.6037499761222225, 'recall': 0.7099759021255561, 'f1-score': 0.6518708769794084, 'support': 64736.0}}"
0.925,32332.1328125,0.4557782160161513,0.7109954275827979,0.5833868217994747,"{'Normal': {'precision': 0.7669865642994241, 'recall': 0.9063547789041853, 'f1-score': 0.8308668649484257, 'support': 50702.0}, 'Anomaly': {'precision': 0.015142086704003318, 'recall': 0.0052016531281174295, 'f1-score': 0.007743304163351896, 'support': 14034.0}, 'accuracy': 0.7109954275827979, 'macro avg': {'precision': 0.3910643255017137, 'recall': 0.4557782160161513, 'f1-score': 0.4193050845558888, 'support': 64736.0}, 'weighted avg': {'precision': 0.6039955639507134, 'recall': 0.7109954275827979, 'f1-score': 0.6524234014650822, 'support': 64736.0}}"
0.926,32332.134765625,0.456330462475857,0.711860479485912,0.5840954709808845,"{'Normal': {'precision': 0.767204148671858, 'recall': 0.9074592718235966, 'f1-score': 0.8314584406314096, 'support': 50702.0}, 'Anomaly': {'precision': 0.015320041972717734, 'recall': 0.0052016531281174295, 'f1-score': 0.007766370551625087, 'support': 14034.0}, 'accuracy': 0.711860479485912, 'macro avg': {'precision': 0.3912620953222879, 'recall': 0.456330462475857, 'f1-score': 0.41961240559151736, 'support': 64736.0}, 'weighted avg': {'precision': 0.6042045572016447, 'recall': 0.711860479485912, 'f1-score': 0.6528917310494198, 'support': 64736.0}}"
0.927,32332.138671875,0.4568531243037928,0.712679189322788,0.5847661568132904,"{'Normal': {'precision': 0.7674097027855524, 'recall': 0.9085045954794683, 'f1-score': 0.8320177736033091, 'support': 50702.0}, 'Anomaly': {'precision': 0.015492359932088286, 'recall': 0.0052016531281174295, 'f1-score': 0.007788328176677691, 'support': 14034.0}, 'accuracy': 0.712679189322788, 'macro avg': {'precision': 0.39145103135882037, 'recall': 0.4568531243037928, 'f1-score': 0.4199030508899934, 'support': 64736.0}, 'weighted avg': {'precision': 0.604402906109738, 'recall': 0.712679189322788, 'f1-score': 0.653334567394749, 'support': 64736.0}}"
0.928,32334.97671875,0.45681019138298434,0.7130962679189323,0.5849532296509583,"{'Normal': {'precision': 0.7674074074074074, 'recall': 0.909273795905487, 'f1-score': 0.8323388429006021, 'support': 50702.0}, 'Anomaly': {'precision': 0.013087320317528427, 'recall': 0.004346586860481687, 'f1-score': 0.006525809039850228, 'support': 14034.0}, 'accuracy': 0.7130962679189323, 'macro avg': {'precision': 0.39024736386246794, 'recall': 0.45681019138298434, 'f1-score': 0.41943232597022617, 'support': 64736.0}, 'weighted avg': {'precision': 0.603879724167489, 'recall': 0.7130962679189323, 'f1-score': 0.6533123334282561, 'support': 64736.0}}"
0.929,34320.92505859375,0.4562131189570568,0.7132507414730598,0.5847319302150583,"{'Normal': {'precision': 0.7672059728296114, 'recall': 0.9100035501558124, 'f1-score': 0.8325258703909203, 'support': 50702.0}, 'Anomaly': {'precision': 0.0073961279095062, 'recall': 0.0024226877583012683, 'f1-score': 0.0036498309269497073, 'support': 14034.0}, 'accuracy': 0.7132507414730598, 'macro avg': {'precision': 0.3873010503695588, 'recall': 0.4562131189570568, 'f1-score': 0.418087850658935, 'support': 64736.0}, 'weighted avg': {'precision': 0.6024881749488534, 'recall': 0.7132507414730598, 'f1-score': 0.6528353374905655, 'support': 64736.0}}"
0.93,34321.00390625,0.4569724578391522,0.7144401878398419,0.585706322839497,"{'Normal': {'precision': 0.7675036535140162, 'recall': 0.9115222279200031, 'f1-score': 0.8333363385564111, 'support': 50702.0}, 'Anomaly': {'precision': 0.00752212389380531, 'recall': 0.0024226877583012683, 'f1-score': 0.003664977902339118, 'support': 14034.0}, 'accuracy': 0.7144401878398419, 'macro avg': {'precision': 0.38751288870391076, 'recall': 0.4569724578391522, 'f1-score': 0.4185006582293751, 'support': 64736.0}, 'weighted avg': {'precision': 0.6027486364185819, 'recall': 0.7144401878398419, 'f1-score': 0.6534733894180762, 'support': 64736.0}}"
0.931,34321.01953125,0.4575148427549346,0.7152897923875432,0.586402317571239,"{'Normal': {'precision': 0.7677158168936968, 'recall': 0.912606997751568, 'f1-score': 0.8339145557928506, 'support': 50702.0}, 'Anomaly': {'precision': 0.00761478163493841, 'recall': 0.0024226877583012683, 'f1-score': 0.0036758743715876534, 'support': 14034.0}, 'accuracy': 0.7152897923875432, 'macro avg': {'precision': 0.38766529926431764, 'recall': 0.4575148427549346, 'f1-score': 0.4187952150822191, 'support': 64736.0}, 'weighted avg': {'precision': 0.6029348923876814, 'recall': 0.7152897923875432, 'f1-score': 0.6539286182145941, 'support': 64736.0}}"
0.932,34321.04296875,0.45818542774172016,0.7163402125556105,0.5872628201486654,"{'Normal': {'precision': 0.767977593264721, 'recall': 0.9139481677251391, 'f1-score': 0.8346286506785782, 'support': 50702.0}, 'Anomaly': {'precision': 0.007732544916988856, 'recall': 0.0024226877583012683, 'f1-score': 0.003689436275839618, 'support': 14034.0}, 'accuracy': 0.7163402125556105, 'macro avg': {'precision': 0.38785506909085493, 'recall': 0.45818542774172016, 'f1-score': 0.4191590434772089, 'support': 64736.0}, 'weighted avg': {'precision': 0.6031654484224065, 'recall': 0.7163402125556105, 'f1-score': 0.6544908458261308, 'support': 64736.0}}"
0.933,34321.06640625,0.45883628964065903,0.7173597380128522,0.5880980138267556,"{'Normal': {'precision': 0.7682311066964655, 'recall': 0.9152498915230168, 'f1-score': 0.8353209068735543, 'support': 50702.0}, 'Anomaly': {'precision': 0.007850380974370815, 'recall': 0.0024226877583012683, 'f1-score': 0.0037026953444051183, 'support': 14034.0}, 'accuracy': 0.7173597380128522, 'macro avg': {'precision': 0.3880407438354182, 'recall': 0.45883628964065903, 'f1-score': 0.41951180110897973, 'support': 64736.0}, 'weighted avg': {'precision': 0.6033895486023003, 'recall': 0.7173597380128522, 'f1-score': 0.6550359034658665, 'support': 64736.0}}"
0.934,34321.0859375,0.45953645925921455,0.7184565002471577,0.5889964797531861,"{'Normal': {'precision': 0.7685032078841193, 'recall': 0.9166502307601279, 'f1-score': 0.8360646890571876, 'support': 50702.0}, 'Anomaly': {'precision': 0.007981220657276996, 'recall': 0.0024226877583012683, 'f1-score': 0.003717065704602602, 'support': 14034.0}, 'accuracy': 0.7184565002471577, 'macro avg': {'precision': 0.38824221427069816, 'recall': 0.45953645925921455, 'f1-score': 0.4198908773808951, 'support': 64736.0}, 'weighted avg': {'precision': 0.6036310259646076, 'recall': 0.7184565002471577, 'f1-score': 0.6556215577835504, 'support': 64736.0}}"
0.935,34321.10546875,0.4601084288067669,0.7193524468610973,0.5897304378339321,"{'Normal': {'precision': 0.7687250140416956, 'recall': 0.9177941698552325, 'f1-score': 0.8366715811427955, 'support': 50702.0}, 'Anomaly': {'precision': 0.00809138505473584, 'recall': 0.0024226877583012683, 'f1-score': 0.003728887914016232, 'support': 14034.0}, 'accuracy': 0.7193524468610973, 'macro avg': {'precision': 0.3884081995482157, 'recall': 0.4601084288067669, 'f1-score': 0.4202002345284059, 'support': 64736.0}, 'weighted avg': {'precision': 0.6038286295075416, 'recall': 0.7193524468610973, 'f1-score': 0.6560994457502366, 'support': 64736.0}}"
0.936,34321.1171875,0.4608184599692457,0.7204646564508156,0.5906415582100306,"{'Normal': {'precision': 0.768999768999769, 'recall': 0.9192142321801902, 'f1-score': 0.8374240845222266, 'support': 50702.0}, 'Anomaly': {'precision': 0.008232445520581114, 'recall': 0.0024226877583012683, 'f1-score': 0.003743668795419511, 'support': 14034.0}, 'accuracy': 0.7204646564508156, 'macro avg': {'precision': 0.38861610726017504, 'recall': 0.4608184599692457, 'f1-score': 0.4205838766588231, 'support': 64736.0}, 'weighted avg': {'precision': 0.604074401079185, 'recall': 0.7204646564508156, 'f1-score': 0.6566920196076504, 'support': 64736.0}}"
0.937,34321.12890625,0.4614101526046447,0.7213914977755809,0.5914008251901128,"{'Normal': {'precision': 0.7692282332772887, 'recall': 0.9203976174509881, 'f1-score': 0.8380504274118239, 'support': 50702.0}, 'Anomaly': {'precision': 0.008353808353808353, 'recall': 0.0024226877583012683, 'f1-score': 0.0037560760053026955, 'support': 14034.0}, 'accuracy': 0.7213914977755809, 'macro avg': {'precision': 0.38879102081554856, 'recall': 0.4614101526046447, 'f1-score': 0.4209032517085633, 'support': 64736.0}, 'weighted avg': {'precision': 0.6042796470288934, 'recall': 0.7213914977755809, 'f1-score': 0.6571852684950061, 'support': 64736.0}}"
0.938,34321.140625,0.46205115295966026,0.7223955758774098,0.5922233644185351,"{'Normal': {'precision': 0.7694752268199108, 'recall': 0.9216796181610193, 'f1-score': 0.8387282043918768, 'support': 50702.0}, 'Anomaly': {'precision': 0.008489388264669164, 'recall': 0.0024226877583012683, 'f1-score': 0.003769610288818671, 'support': 14034.0}, 'accuracy': 0.7223955758774098, 'macro avg': {'precision': 0.38898230754228996, 'recall': 0.46205115295966026, 'f1-score': 0.42124890734034776, 'support': 64736.0}, 'weighted avg': {'precision': 0.6045024874124054, 'recall': 0.7223955758774098, 'f1-score': 0.6577190455059042, 'support': 64736.0}}"
0.939,34322.53314453125,0.4625124208092164,0.723198838358873,0.5928556295840447,"{'Normal': {'precision': 0.7696546959053745, 'recall': 0.9227446649047375, 'f1-score': 0.8392756236041223, 'support': 50702.0}, 'Anomaly': {'precision': 0.008103317295517852, 'recall': 0.0022801767136953113, 'f1-score': 0.003558916754712784, 'support': 14034.0}, 'accuracy': 0.723198838358873, 'macro avg': {'precision': 0.38887900660044616, 'recall': 0.4625124208092164, 'f1-score': 0.42141727017941755, 'support': 64736.0}, 'weighted avg': {'precision': 0.6045593540953966, 'recall': 0.723198838358873, 'f1-score': 0.6581021148311891, 'support': 64736.0}}"
0.94,35900.47265625,0.4620616778424367,0.7234614434008898,0.5927615606216632,"{'Normal': {'precision': 0.7695063432590548, 'recall': 0.9235533115064495, 'f1-score': 0.8395216666367857, 'support': 50702.0}, 'Anomaly': {'precision': 0.0020597322348094747, 'recall': 0.0005700441784238278, 'f1-score': 0.0008929568032146445, 'support': 14034.0}, 'accuracy': 0.7234614434008898, 'macro avg': {'precision': 0.3857830377469321, 'recall': 0.4620616778424367, 'f1-score': 0.4202073117200002, 'support': 64736.0}, 'weighted avg': {'precision': 0.6031329847087233, 'recall': 0.7234614434008898, 'f1-score': 0.6577168700196895, 'support': 64736.0}}"
0.941,35900.63671875,0.46270267819745226,0.7244655215027187,0.5935840998500854,"{'Normal': {'precision': 0.7697522858972043, 'recall': 0.9248353122164806, 'f1-score': 0.8401974574221235, 'support': 50702.0}, 'Anomaly': {'precision': 0.002094789211835559, 'recall': 0.0005700441784238278, 'f1-score': 0.0008962079202374951, 'support': 14034.0}, 'accuracy': 0.7244655215027187, 'macro avg': {'precision': 0.38592353755451997, 'recall': 0.46270267819745226, 'f1-score': 0.4205468326711805, 'support': 64736.0}, 'weighted avg': {'precision': 0.6033332098269734, 'recall': 0.7244655215027187, 'f1-score': 0.6582468621504127, 'support': 64736.0}}"
0.942,35900.74609375,0.46346201707954765,0.7256549678695008,0.5945584924745242,"{'Normal': {'precision': 0.7700429550447585, 'recall': 0.9263539899806714, 'f1-score': 0.8409969918349807, 'support': 50702.0}, 'Anomaly': {'precision': 0.002137894174238375, 'recall': 0.0005700441784238278, 'f1-score': 0.0009000900090009, 'support': 14034.0}, 'accuracy': 0.7256549678695008, 'macro avg': {'precision': 0.38609042460949844, 'recall': 0.46346201707954765, 'f1-score': 0.4209485409219908, 'support': 64736.0}, 'weighted avg': {'precision': 0.6035702099839442, 'recall': 0.7256549678695008, 'f1-score': 0.6588739085393522, 'support': 64736.0}}"
0.943,35900.76171875,0.4640734328027933,0.7266127039050915,0.5953430683539424,"{'Normal': {'precision': 0.770276467505241, 'recall': 0.9275768214271627, 'f1-score': 0.8416399720825355, 'support': 50702.0}, 'Anomaly': {'precision': 0.002173913043478261, 'recall': 0.0005700441784238278, 'f1-score': 0.0009032403748447555, 'support': 14034.0}, 'accuracy': 0.7266127039050915, 'macro avg': {'precision': 0.38622519027435964, 'recall': 0.4640734328027933, 'f1-score': 0.42127160622869014, 'support': 64736.0}, 'weighted avg': {'precision': 0.6037609081670617, 'recall': 0.7266127039050915, 'f1-score': 0.6593781812275903, 'support': 64736.0}}"
0.944,35900.76953125,0.4648820794045052,0.7278793870489372,0.5963807332267212,"{'Normal': {'precision': 0.7705845791488108, 'recall': 0.9291941146305865, 'f1-score': 0.8424892703862661, 'support': 50702.0}, 'Anomaly': {'precision': 0.0022234574763757642, 'recall': 0.0005700441784238278, 'f1-score': 0.0009074410163339383, 'support': 14034.0}, 'accuracy': 0.7278793870489372, 'macro avg': {'precision': 0.3864040183125933, 'recall': 0.4648820794045052, 'f1-score': 0.4216983557013, 'support': 64736.0}, 'weighted avg': {'precision': 0.6040129654941062, 'recall': 0.7278793870489372, 'f1-score': 0.6600442723422468, 'support': 64736.0}}"
0.945,35900.818359375,0.4652469565296679,0.7284509391992091,0.5968489478644385,"{'Normal': {'precision': 0.7707233346955455, 'recall': 0.9299238688809119, 'f1-score': 0.8428720827337165, 'support': 50702.0}, 'Anomaly': {'precision': 0.002246559955068801, 'recall': 0.0005700441784238278, 'f1-score': 0.0009093492469451549, 'support': 14034.0}, 'accuracy': 0.7284509391992091, 'macro avg': {'precision': 0.3864849473253072, 'recall': 0.4652469565296679, 'f1-score': 0.42189071599033084, 'support': 64736.0}, 'weighted avg': {'precision': 0.6041266488220307, 'recall': 0.7284509391992091, 'f1-score': 0.6603445091772201, 'support': 64736.0}}"
0.946,56165.85546875,0.46580683981845716,0.7294086752347998,0.5976077575266285,"{'Normal': {'precision': 0.7709377704479026, 'recall': 0.9311861465030965, 'f1-score': 0.8435185764183558, 'support': 50702.0}, 'Anomaly': {'precision': 0.0017167381974248926, 'recall': 0.00042753313381787086, 'f1-score': 0.0006845798391237378, 'support': 14034.0}, 'accuracy': 0.7294086752347998, 'macro avg': {'precision': 0.38632725432266374, 'recall': 0.46580683981845716, 'f1-score': 0.4221015781287398, 'support': 64736.0}, 'weighted avg': {'precision': 0.6041797383389801, 'recall': 0.7294086752347998, 'f1-score': 0.6608021233166358, 'support': 64736.0}}"
0.947,56165.8828125,0.4664122124123213,0.730397305981216,0.5984047591967686,"{'Normal': {'precision': 0.7711680558500661, 'recall': 0.9324681472131277, 'f1-score': 0.8441821639332554, 'support': 50702.0}, 'Anomaly': {'precision': 0.0014581510644502771, 'recall': 0.0003562776115148924, 'f1-score': 0.0005726392945083891, 'support': 14034.0}, 'accuracy': 0.730397305981216, 'macro avg': {'precision': 0.38631310345725817, 'recall': 0.4664122124123213, 'f1-score': 0.4223774016138819, 'support': 64736.0}, 'weighted avg': {'precision': 0.6043040419511331, 'recall': 0.730397305981216, 'f1-score': 0.6612975855104277, 'support': 64736.0}}"
0.948,56165.91796875,0.46703348967949027,0.7313704893722195,0.5992019895258549,"{'Normal': {'precision': 0.7714029656183803, 'recall': 0.9337107017474656, 'f1-score': 0.8448318937825684, 'support': 50702.0}, 'Anomaly': {'precision': 0.0014854426619132501, 'recall': 0.0003562776115148924, 'f1-score': 0.0005747126436781609, 'support': 14034.0}, 'accuracy': 0.7313704893722195, 'macro avg': {'precision': 0.3864442041401468, 'recall': 0.46703348967949027, 'f1-score': 0.42270330321312327, 'support': 64736.0}, 'weighted avg': {'precision': 0.6044939425528363, 'recall': 0.7313704893722195, 'f1-score': 0.6618069110820126, 'support': 64736.0}}"
0.949,56165.96875,0.4675933729682795,0.7323282254078102,0.5999607991880449,"{'Normal': {'precision': 0.7716159906243896, 'recall': 0.9349729793696501, 'f1-score': 0.8454761097932905, 'support': 50702.0}, 'Anomaly': {'precision': 0.0009090909090909091, 'recall': 0.00021376656690893543, 'f1-score': 0.00034614053305642093, 'support': 14034.0}, 'accuracy': 0.7323282254078102, 'macro avg': {'precision': 0.3862625407667402, 'recall': 0.4675933729682795, 'f1-score': 0.4229111251631734, 'support': 64736.0}, 'weighted avg': {'precision': 0.6045358400033363, 'recall': 0.7323282254078102, 'f1-score': 0.6622619169392661, 'support': 64736.0}}"
0.95,56166.01171875,0.4682343733232951,0.7333323035096392,0.6007833384164671,"{'Normal': {'precision': 0.7718573681728752, 'recall': 0.9362549800796812, 'f1-score': 0.8461449337361746, 'support': 50702.0}, 'Anomaly': {'precision': 0.0009273570324574962, 'recall': 0.00021376656690893543, 'f1-score': 0.00034744339568012046, 'support': 14034.0}, 'accuracy': 0.7333323035096392, 'macro avg': {'precision': 0.38639236260266635, 'recall': 0.4682343733232951, 'f1-score': 0.4232461885659274, 'support': 64736.0}, 'weighted avg': {'precision': 0.6047288496307253, 'recall': 0.7333323035096392, 'f1-score': 0.6627860301981355, 'support': 64736.0}}"
0.951,56166.05078125,0.46890495831008067,0.7343827236777064,0.6016438409938936,"{'Normal': {'precision': 0.772109340739658, 'recall': 0.9375961500532524, 'f1-score': 0.8468437975968861, 'support': 50702.0}, 'Anomaly': {'precision': 0.000947268708556994, 'recall': 0.00021376656690893543, 'f1-score': 0.0003488169292482995, 'support': 14034.0}, 'accuracy': 0.7343827236777064, 'macro avg': {'precision': 0.3865283047241075, 'recall': 0.46890495831008067, 'f1-score': 0.4235963072630672, 'support': 64736.0}, 'weighted avg': {'precision': 0.6049305141380071, 'recall': 0.7343827236777064, 'f1-score': 0.663333686396169, 'support': 64736.0}}"
0.952,56166.109375,0.46955582020901954,0.7354022491349481,0.6024790346719838,"{'Normal': {'precision': 0.7723533706497931, 'recall': 0.9388978738511301, 'f1-score': 0.8475212975244132, 'support': 50702.0}, 'Anomaly': {'precision': 0.0009674298613350532, 'recall': 0.00021376656690893543, 'f1-score': 0.00035016049022468633, 'support': 14034.0}, 'accuracy': 0.7354022491349481, 'macro avg': {'precision': 0.3866604002555641, 'recall': 0.46955582020901954, 'f1-score': 0.42393572900731896, 'support': 64736.0}, 'weighted avg': {'precision': 0.6051260119463635, 'recall': 0.7354022491349481, 'f1-score': 0.6638646036116319, 'support': 64736.0}}"
0.953,56166.1328125,0.47013765130049523,0.7363136431043006,0.6032256472023979,"{'Normal': {'precision': 0.7725710766038837, 'recall': 0.9400615360340815, 'f1-score': 0.8481262678387131, 'support': 50702.0}, 'Anomaly': {'precision': 0.0009861932938856016, 'recall': 0.00021376656690893543, 'f1-score': 0.00035137034434293746, 'support': 14034.0}, 'accuracy': 0.7363136431043006, 'macro avg': {'precision': 0.38677863494888465, 'recall': 0.47013765130049523, 'f1-score': 0.42423881909152805, 'support': 64736.0}, 'weighted avg': {'precision': 0.6053005895121184, 'recall': 0.7363136431043006, 'f1-score': 0.6643386857910736, 'support': 64736.0}}"
0.954,56166.15625,0.4708674055508207,0.7374567474048442,0.6041620764778325,"{'Normal': {'precision': 0.7728435435824375, 'recall': 0.9415210445347324, 'f1-score': 0.8488841468836134, 'support': 50702.0}, 'Anomaly': {'precision': 0.0010107816711590297, 'recall': 0.00021376656690893543, 'f1-score': 0.0003528996588636631, 'support': 14034.0}, 'accuracy': 0.7374567474048442, 'macro avg': {'precision': 0.3869271626267982, 'recall': 0.4708674055508207, 'f1-score': 0.4246185232712385, 'support': 64736.0}, 'weighted avg': {'precision': 0.6055193193383864, 'recall': 0.7374567474048442, 'f1-score': 0.6649325971500473, 'support': 64736.0}}"
0.955,56166.17578125,0.47142951355444973,0.7383372466633712,0.6048833801089104,"{'Normal': {'precision': 0.7730529720986656, 'recall': 0.9426452605419905, 'f1-score': 0.8494672389737574, 'support': 50702.0}, 'Anomaly': {'precision': 0.0010305736860185502, 'recall': 0.00021376656690893543, 'f1-score': 0.00035408675125405727, 'support': 14034.0}, 'accuracy': 0.7383372466633712, 'macro avg': {'precision': 0.3870417728923421, 'recall': 0.47142951355444973, 'f1-score': 0.42491066286250573, 'support': 64736.0}, 'weighted avg': {'precision': 0.6056876369015096, 'recall': 0.7383372466633712, 'f1-score': 0.6653895391113839, 'support': 64736.0}}"
0.956,56166.197890625,0.47204092927769536,0.739294982698962,0.6056679559883287,"{'Normal': {'precision': 0.7732803335110766, 'recall': 0.9438680919884818, 'f1-score': 0.85010080913766, 'support': 50702.0}, 'Anomaly': {'precision': 0.001053001053001053, 'recall': 0.00021376656690893543, 'f1-score': 0.0003553870757566783, 'support': 14034.0}, 'accuracy': 0.739294982698962, 'macro avg': {'precision': 0.38716666728203886, 'recall': 0.47204092927769536, 'f1-score': 0.4252280981067083, 'support': 64736.0}, 'weighted avg': {'precision': 0.6058705710339908, 'recall': 0.739294982698962, 'f1-score': 0.6658860406438273, 'support': 64736.0}}"
0.957,56166.703125,0.47269179117663424,0.7403145081562037,0.6065031496664189,"{'Normal': {'precision': 0.7735218633480219, 'recall': 0.9451698157863595, 'f1-score': 0.8507744884825351, 'support': 50702.0}, 'Anomaly': {'precision': 0.0010779734099892202, 'recall': 0.00021376656690893543, 'f1-score': 0.0003567818279122317, 'support': 14034.0}, 'accuracy': 0.7403145081562037, 'macro avg': {'precision': 0.38729991837900557, 'recall': 0.47269179117663424, 'f1-score': 0.42556563515522366, 'support': 64736.0}, 'weighted avg': {'precision': 0.6060651537677211, 'recall': 0.7403145081562037, 'f1-score': 0.6664139766314635, 'support': 64736.0}}"
0.958,56168.14140625,0.4732319513775769,0.7412413494809689,0.6072366504292729,"{'Normal': {'precision': 0.773723333924569, 'recall': 0.9463926472328508, 'f1-score': 0.8513915134094518, 'support': 50702.0}, 'Anomaly': {'precision': 0.0003677822728944465, 'recall': 7.125552230297848e-05, 'f1-score': 0.00011938160329493225, 'support': 14034.0}, 'accuracy': 0.7412413494809689, 'macro avg': {'precision': 0.38704555809873176, 'recall': 0.4732319513775769, 'f1-score': 0.4257554475063734, 'support': 64736.0}, 'weighted avg': {'precision': 0.6060689868552475, 'recall': 0.7412413494809689, 'f1-score': 0.6668457722798237, 'support': 64736.0}}"
0.959,97377.5859375,0.4740444163938306,0.7425543746910529,0.6082993955424417,"{'Normal': {'precision': 0.7740242174417107, 'recall': 0.9480888327876612, 'f1-score': 0.8522596315798805, 'support': 50702.0}, 'Anomaly': {'precision': 0.0, 'recall': 0.0, 'f1-score': 0.0, 'support': 14034.0}, 'accuracy': 0.7425543746910529, 'macro avg': {'precision': 0.38701210872085534, 'recall': 0.4740444163938306, 'f1-score': 0.42612981578994025, 'support': 64736.0}, 'weighted avg': {'precision': 0.6062249115288187, 'recall': 0.7425543746910529, 'f1-score': 0.6674998121657671, 'support': 64736.0}}"
0.96,97377.65625,0.4744881858703799,0.7432495056846268,0.6088688457775033,"{'Normal': {'precision': 0.7741878389032808, 'recall': 0.9489763717407598, 'f1-score': 0.8527172998023943, 'support': 50702.0}, 'Anomaly': {'precision': 0.0, 'recall': 0.0, 'f1-score': 0.0, 'support': 14034.0}, 'accuracy': 0.7432495056846268, 'macro avg': {'precision': 0.3870939194516404, 'recall': 0.4744881858703799, 'f1-score': 0.42635864990119715, 'support': 64736.0}, 'weighted avg': {'precision': 0.606353061790567, 'recall': 0.7432495056846268, 'f1-score': 0.6678582633245952, 'support': 64736.0}}"
0.961,97377.71875,0.475208078576782,0.7443771626297578,0.6097926206032699,"{'Normal': {'precision': 0.7744527659027354, 'recall': 0.950416157153564, 'f1-score': 0.8534589635507067, 'support': 50702.0}, 'Anomaly': {'precision': 0.0, 'recall': 0.0, 'f1-score': 0.0, 'support': 14034.0}, 'accuracy': 0.7443771626297578, 'macro avg': {'precision': 0.3872263829513677, 'recall': 0.475208078576782, 'f1-score': 0.42672948177535336, 'support': 64736.0}, 'weighted avg': {'precision': 0.6065605557464239, 'recall': 0.7443771626297578, 'f1-score': 0.6684391431343909, 'support': 64736.0}}"
0.962,97377.734375,0.47595755591495403,0.745551161641127,0.6107543587780405,"{'Normal': {'precision': 0.7747279206395069, 'recall': 0.9519151118299081, 'f1-score': 0.8542300884955752, 'support': 50702.0}, 'Anomaly': {'precision': 0.0, 'recall': 0.0, 'f1-score': 0.0, 'support': 14034.0}, 'accuracy': 0.745551161641127, 'macro avg': {'precision': 0.38736396031975345, 'recall': 0.47595755591495403, 'f1-score': 0.4271150442477876, 'support': 64736.0}, 'weighted avg': {'precision': 0.606776060186979, 'recall': 0.745551161641127, 'f1-score': 0.6690430973013881, 'support': 64736.0}}"
0.963,97377.7421875,0.4793696501124216,0.7508959466139397,0.6151327983631807,"{'Normal': {'precision': 0.7759721601430305, 'recall': 0.9587393002248432, 'f1-score': 0.8577276657314771, 'support': 50702.0}, 'Anomaly': {'precision': 0.0, 'recall': 0.0, 'f1-score': 0.0, 'support': 14034.0}, 'accuracy': 0.7508959466139397, 'macro avg': {'precision': 0.38798608007151525, 'recall': 0.4793696501124216, 'f1-score': 0.42886383286573854, 'support': 64736.0}, 'weighted avg': {'precision': 0.6077505632657553, 'recall': 0.7508959466139397, 'f1-score': 0.6717824411134045, 'support': 64736.0}}"
0.964,97377.7421875,0.4793696501124216,0.7508959466139397,0.6151327983631807,"{'Normal': {'precision': 0.7759721601430305, 'recall': 0.9587393002248432, 'f1-score': 0.8577276657314771, 'support': 50702.0}, 'Anomaly': {'precision': 0.0, 'recall': 0.0, 'f1-score': 0.0, 'support': 14034.0}, 'accuracy': 0.7508959466139397, 'macro avg': {'precision': 0.38798608007151525, 'recall': 0.4793696501124216, 'f1-score': 0.42886383286573854, 'support': 64736.0}, 'weighted avg': {'precision': 0.6077505632657553, 'recall': 0.7508959466139397, 'f1-score': 0.6717824411134045, 'support': 64736.0}}"
0.965,97377.7421875,0.4793696501124216,0.7508959466139397,0.6151327983631807,"{'Normal': {'precision': 0.7759721601430305, 'recall': 0.9587393002248432, 'f1-score': 0.8577276657314771, 'support': 50702.0}, 'Anomaly': {'precision': 0.0, 'recall': 0.0, 'f1-score': 0.0, 'support': 14034.0}, 'accuracy': 0.7508959466139397, 'macro avg': {'precision': 0.38798608007151525, 'recall': 0.4793696501124216, 'f1-score': 0.42886383286573854, 'support': 64736.0}, 'weighted avg': {'precision': 0.6077505632657553, 'recall': 0.7508959466139397, 'f1-score': 0.6717824411134045, 'support': 64736.0}}"
0.966,97377.7421875,0.4793696501124216,0.7508959466139397,0.6151327983631807,"{'Normal': {'precision': 0.7759721601430305, 'recall': 0.9587393002248432, 'f1-score': 0.8577276657314771, 'support': 50702.0}, 'Anomaly': {'precision': 0.0, 'recall': 0.0, 'f1-score': 0.0, 'support': 14034.0}, 'accuracy': 0.7508959466139397, 'macro avg': {'precision': 0.38798608007151525, 'recall': 0.4793696501124216, 'f1-score': 0.42886383286573854, 'support': 64736.0}, 'weighted avg': {'precision': 0.6077505632657553, 'recall': 0.7508959466139397, 'f1-score': 0.6717824411134045, 'support': 64736.0}}"
0.967,97377.7421875,0.4793696501124216,0.7508959466139397,0.6151327983631807,"{'Normal': {'precision': 0.7759721601430305, 'recall': 0.9587393002248432, 'f1-score': 0.8577276657314771, 'support': 50702.0}, 'Anomaly': {'precision': 0.0, 'recall': 0.0, 'f1-score': 0.0, 'support': 14034.0}, 'accuracy': 0.7508959466139397, 'macro avg': {'precision': 0.38798608007151525, 'recall': 0.4793696501124216, 'f1-score': 0.42886383286573854, 'support': 64736.0}, 'weighted avg': {'precision': 0.6077505632657553, 'recall': 0.7508959466139397, 'f1-score': 0.6717824411134045, 'support': 64736.0}}"
0.968,97378.5428125,0.47956688099088796,0.7512048937221948,0.6153858873565414,"{'Normal': {'precision': 0.7760436614324013, 'recall': 0.9591337619817759, 'f1-score': 0.8579291851172309, 'support': 50702.0}, 'Anomaly': {'precision': 0.0, 'recall': 0.0, 'f1-score': 0.0, 'support': 14034.0}, 'accuracy': 0.7512048937221948, 'macro avg': {'precision': 0.38802183071620067, 'recall': 0.47956688099088796, 'f1-score': 0.42896459255861547, 'support': 64736.0}, 'weighted avg': {'precision': 0.6078065639203165, 'recall': 0.7512048937221948, 'f1-score': 0.6719402734771046, 'support': 64736.0}}"
0.969,97379.09375,0.48330440613782494,0.7570594414236282,0.6201819237807266,"{'Normal': {'precision': 0.7773900353726821, 'recall': 0.9666088122756499, 'f1-score': 0.8617345817398567, 'support': 50702.0}, 'Anomaly': {'precision': 0.0, 'recall': 0.0, 'f1-score': 0.0, 'support': 14034.0}, 'accuracy': 0.7570594414236282, 'macro avg': {'precision': 0.38869501768634107, 'recall': 0.48330440613782494, 'f1-score': 0.43086729086992837, 'support': 64736.0}, 'weighted avg': {'precision': 0.6088610598965912, 'recall': 0.7570594414236282, 'f1-score': 0.6749207050694238, 'support': 64736.0}}"
0.97,97379.09375,0.48330440613782494,0.7570594414236282,0.6201819237807266,"{'Normal': {'precision': 0.7773900353726821, 'recall': 0.9666088122756499, 'f1-score': 0.8617345817398567, 'support': 50702.0}, 'Anomaly': {'precision': 0.0, 'recall': 0.0, 'f1-score': 0.0, 'support': 14034.0}, 'accuracy': 0.7570594414236282, 'macro avg': {'precision': 0.38869501768634107, 'recall': 0.48330440613782494, 'f1-score': 0.43086729086992837, 'support': 64736.0}, 'weighted avg': {'precision': 0.6088610598965912, 'recall': 0.7570594414236282, 'f1-score': 0.6749207050694238, 'support': 64736.0}}"
0.971,97379.09375,0.48330440613782494,0.7570594414236282,0.6201819237807266,"{'Normal': {'precision': 0.7773900353726821, 'recall': 0.9666088122756499, 'f1-score': 0.8617345817398567, 'support': 50702.0}, 'Anomaly': {'precision': 0.0, 'recall': 0.0, 'f1-score': 0.0, 'support': 14034.0}, 'accuracy': 0.7570594414236282, 'macro avg': {'precision': 0.38869501768634107, 'recall': 0.48330440613782494, 'f1-score': 0.43086729086992837, 'support': 64736.0}, 'weighted avg': {'precision': 0.6088610598965912, 'recall': 0.7570594414236282, 'f1-score': 0.6749207050694238, 'support': 64736.0}}"
0.972,97379.09375,0.48330440613782494,0.7570594414236282,0.6201819237807266,"{'Normal': {'precision': 0.7773900353726821, 'recall': 0.9666088122756499, 'f1-score': 0.8617345817398567, 'support': 50702.0}, 'Anomaly': {'precision': 0.0, 'recall': 0.0, 'f1-score': 0.0, 'support': 14034.0}, 'accuracy': 0.7570594414236282, 'macro avg': {'precision': 0.38869501768634107, 'recall': 0.48330440613782494, 'f1-score': 0.43086729086992837, 'support': 64736.0}, 'weighted avg': {'precision': 0.6088610598965912, 'recall': 0.7570594414236282, 'f1-score': 0.6749207050694238, 'support': 64736.0}}"
0.973,97379.09375,0.48330440613782494,0.7570594414236282,0.6201819237807266,"{'Normal': {'precision': 0.7773900353726821, 'recall': 0.9666088122756499, 'f1-score': 0.8617345817398567, 'support': 50702.0}, 'Anomaly': {'precision': 0.0, 'recall': 0.0, 'f1-score': 0.0, 'support': 14034.0}, 'accuracy': 0.7570594414236282, 'macro avg': {'precision': 0.38869501768634107, 'recall': 0.48330440613782494, 'f1-score': 0.43086729086992837, 'support': 64736.0}, 'weighted avg': {'precision': 0.6088610598965912, 'recall': 0.7570594414236282, 'f1-score': 0.6749207050694238, 'support': 64736.0}}"
0.974,97379.163203125,0.48339316003313476,0.7571984676223431,0.6202958138277389,"{'Normal': {'precision': 0.7774218105690541, 'recall': 0.9667863200662695, 'f1-score': 0.8618246391335689, 'support': 50702.0}, 'Anomaly': {'precision': 0.0, 'recall': 0.0, 'f1-score': 0.0, 'support': 14034.0}, 'accuracy': 0.7571984676223431, 'macro avg': {'precision': 0.38871090528452706, 'recall': 0.48339316003313476, 'f1-score': 0.43091231956678444, 'support': 64736.0}, 'weighted avg': {'precision': 0.6088859466057863, 'recall': 0.7571984676223431, 'f1-score': 0.6749912390841295, 'support': 64736.0}}"
0.975,97379.625,0.4840440219320737,0.7582179930795848,0.6211310075058293,"{'Normal': {'precision': 0.7776545517918819, 'recall': 0.9680880438641474, 'f1-score': 0.8624846248462484, 'support': 50702.0}, 'Anomaly': {'precision': 0.0, 'recall': 0.0, 'f1-score': 0.0, 'support': 14034.0}, 'accuracy': 0.7582179930795848, 'macro avg': {'precision': 0.38882727589594096, 'recall': 0.4840440219320737, 'f1-score': 0.4312423124231242, 'support': 64736.0}, 'weighted avg': {'precision': 0.6090682322811418, 'recall': 0.7582179930795848, 'f1-score': 0.6755081476914621, 'support': 64736.0}}"
0.976,97379.6875,0.4847047453749359,0.7592529658922392,0.6219788556335876,"{'Normal': {'precision': 0.7778903220701116, 'recall': 0.9694094907498718, 'f1-score': 0.8631538279171459, 'support': 50702.0}, 'Anomaly': {'precision': 0.0, 'recall': 0.0, 'f1-score': 0.0, 'support': 14034.0}, 'accuracy': 0.7592529658922392, 'macro avg': {'precision': 0.3889451610350558, 'recall': 0.4847047453749359, 'f1-score': 0.43157691395857295, 'support': 64736.0}, 'weighted avg': {'precision': 0.6092528903484737, 'recall': 0.7592529658922392, 'f1-score': 0.676032275442646, 'support': 64736.0}}"
0.977,97379.703125,0.48563173050372765,0.760705017301038,0.6231683739023828,"{'Normal': {'precision': 0.7782202626463756, 'recall': 0.9712634610074553, 'f1-score': 0.8640913836516613, 'support': 50702.0}, 'Anomaly': {'precision': 0.0, 'recall': 0.0, 'f1-score': 0.0, 'support': 14034.0}, 'accuracy': 0.760705017301038, 'macro avg': {'precision': 0.3891101313231878, 'recall': 0.48563173050372765, 'f1-score': 0.43204569182583064, 'support': 64736.0}, 'weighted avg': {'precision': 0.609511303705767, 'recall': 0.760705017301038, 'f1-score': 0.6767665801703308, 'support': 64736.0}}"
0.978,97379.734375,0.4860064691728137,0.7612920168067226,0.6236492429897682,"{'Normal': {'precision': 0.7783533648151365, 'recall': 0.9720129383456274, 'f1-score': 0.8644699567615923, 'support': 50702.0}, 'Anomaly': {'precision': 0.0, 'recall': 0.0, 'f1-score': 0.0, 'support': 14034.0}, 'accuracy': 0.7612920168067226, 'macro avg': {'precision': 0.38917668240756825, 'recall': 0.4860064691728137, 'f1-score': 0.43223497838079616, 'support': 64736.0}, 'weighted avg': {'precision': 0.6096155508968278, 'recall': 0.7612920168067226, 'f1-score': 0.6770630831025434, 'support': 64736.0}}"
0.979,97379.7734375,0.48670663879136916,0.7623887790410282,0.6245477089161987,"{'Normal': {'precision': 0.7786016280684042, 'recall': 0.9734132775827383, 'f1-score': 0.8651766149531072, 'support': 50702.0}, 'Anomaly': {'precision': 0.0, 'recall': 0.0, 'f1-score': 0.0, 'support': 14034.0}, 'accuracy': 0.7623887790410282, 'macro avg': {'precision': 0.3893008140342021, 'recall': 0.48670663879136916, 'f1-score': 0.4325883074765536, 'support': 64736.0}, 'weighted avg': {'precision': 0.6098099936098034, 'recall': 0.7623887790410282, 'f1-score': 0.6776165461466949, 'support': 64736.0}}"
0.98,97379.796875,0.48769279318370085,0.7639335145823035,0.6258131538830022,"{'Normal': {'precision': 0.7789503528225806, 'recall': 0.9753855863674017, 'f1-score': 0.8661704177248446, 'support': 50702.0}, 'Anomaly': {'precision': 0.0, 'recall': 0.0, 'f1-score': 0.0, 'support': 14034.0}, 'accuracy': 0.7639335145823035, 'macro avg': {'precision': 0.3894751764112903, 'recall': 0.48769279318370085, 'f1-score': 0.4330852088624223, 'support': 64736.0}, 'weighted avg': {'precision': 0.6100831189571565, 'recall': 0.7639335145823035, 'f1-score': 0.6783949042184421, 'support': 64736.0}}"
0.981,97379.8046875,0.4882450396434066,0.7647985664854177,0.6265218030644122,"{'Normal': {'precision': 0.7791451592597255, 'recall': 0.9764900792868132, 'f1-score': 0.8667261873501042, 'support': 50702.0}, 'Anomaly': {'precision': 0.0, 'recall': 0.0, 'f1-score': 0.0, 'support': 14034.0}, 'accuracy': 0.7647985664854177, 'macro avg': {'precision': 0.38957257962986275, 'recall': 0.4882450396434066, 'f1-score': 0.4333630936750521, 'support': 64736.0}, 'weighted avg': {'precision': 0.6102356936601984, 'recall': 0.7647985664854177, 'f1-score': 0.6788301895548842, 'support': 64736.0}}"
0.982,97379.8359375,0.48870853220780247,0.765524592189817,0.6271165621988097,"{'Normal': {'precision': 0.7793083926970797, 'recall': 0.9774170644156049, 'f1-score': 0.8671922164961984, 'support': 50702.0}, 'Anomaly': {'precision': 0.0, 'recall': 0.0, 'f1-score': 0.0, 'support': 14034.0}, 'accuracy': 0.765524592189817, 'macro avg': {'precision': 0.38965419634853987, 'recall': 0.48870853220780247, 'f1-score': 0.4335961082480992, 'support': 64736.0}, 'weighted avg': {'precision': 0.6103635400167965, 'recall': 0.765524592189817, 'f1-score': 0.6791951890878376, 'support': 64736.0}}"
0.983,97379.8515625,0.48931008638712475,0.766466880869995,0.6278884836285599,"{'Normal': {'precision': 0.779519889398605, 'recall': 0.9786201727742495, 'f1-score': 0.8677964915962713, 'support': 50702.0}, 'Anomaly': {'precision': 0.0, 'recall': 0.0, 'f1-score': 0.0, 'support': 14034.0}, 'accuracy': 0.766466880869995, 'macro avg': {'precision': 0.3897599446993025, 'recall': 0.48931008638712475, 'f1-score': 0.43389824579813563, 'support': 64736.0}, 'weighted avg': {'precision': 0.6105291867320821, 'recall': 0.766466880869995, 'f1-score': 0.6796684644852037, 'support': 64736.0}}"
0.984,97379.8671875,0.49066111790461914,0.7685831685615423,0.6296221432330807,"{'Normal': {'precision': 0.7799934157926915, 'recall': 0.9813222358092383, 'f1-score': 0.869151287000725, 'support': 50702.0}, 'Anomaly': {'precision': 0.0, 'recall': 0.0, 'f1-score': 0.0, 'support': 14034.0}, 'accuracy': 0.7685831685615423, 'macro avg': {'precision': 0.3899967078963458, 'recall': 0.49066111790461914, 'f1-score': 0.4345756435003625, 'support': 64736.0}, 'weighted avg': {'precision': 0.6109000581982367, 'recall': 0.7685831685615423, 'f1-score': 0.6807295562517108, 'support': 64736.0}}"
0.985,97379.8671875,0.49066111790461914,0.7685831685615423,0.6296221432330807,"{'Normal': {'precision': 0.7799934157926915, 'recall': 0.9813222358092383, 'f1-score': 0.869151287000725, 'support': 50702.0}, 'Anomaly': {'precision': 0.0, 'recall': 0.0, 'f1-score': 0.0, 'support': 14034.0}, 'accuracy': 0.7685831685615423, 'macro avg': {'precision': 0.3899967078963458, 'recall': 0.49066111790461914, 'f1-score': 0.4345756435003625, 'support': 64736.0}, 'weighted avg': {'precision': 0.6109000581982367, 'recall': 0.7685831685615423, 'f1-score': 0.6807295562517108, 'support': 64736.0}}"
0.986,97379.8828125,0.4930673346219084,0.7723523232822541,0.6327098289520813,"{'Normal': {'precision': 0.7808317586244593, 'recall': 0.9861346692438168, 'f1-score': 0.871556194709548, 'support': 50702.0}, 'Anomaly': {'precision': 0.0, 'recall': 0.0, 'f1-score': 0.0, 'support': 14034.0}, 'accuracy': 0.7723523232822541, 'macro avg': {'precision': 0.39041587931222965, 'recall': 0.4930673346219084, 'f1-score': 0.435778097354774, 'support': 64736.0}, 'weighted avg': {'precision': 0.6115566582083746, 'recall': 0.7723523232822541, 'f1-score': 0.6826131083811713, 'support': 64736.0}}"
0.987,97379.8828125,0.4930673346219084,0.7723523232822541,0.6327098289520813,"{'Normal': {'precision': 0.7808317586244593, 'recall': 0.9861346692438168, 'f1-score': 0.871556194709548, 'support': 50702.0}, 'Anomaly': {'precision': 0.0, 'recall': 0.0, 'f1-score': 0.0, 'support': 14034.0}, 'accuracy': 0.7723523232822541, 'macro avg': {'precision': 0.39041587931222965, 'recall': 0.4930673346219084, 'f1-score': 0.435778097354774, 'support': 64736.0}, 'weighted avg': {'precision': 0.6115566582083746, 'recall': 0.7723523232822541, 'f1-score': 0.6826131083811713, 'support': 64736.0}}"
0.988,97379.8828125,0.4930673346219084,0.7723523232822541,0.6327098289520813,"{'Normal': {'precision': 0.7808317586244593, 'recall': 0.9861346692438168, 'f1-score': 0.871556194709548, 'support': 50702.0}, 'Anomaly': {'precision': 0.0, 'recall': 0.0, 'f1-score': 0.0, 'support': 14034.0}, 'accuracy': 0.7723523232822541, 'macro avg': {'precision': 0.39041587931222965, 'recall': 0.4930673346219084, 'f1-score': 0.435778097354774, 'support': 64736.0}, 'weighted avg': {'precision': 0.6115566582083746, 'recall': 0.7723523232822541, 'f1-score': 0.6826131083811713, 'support': 64736.0}}"
0.989,97379.8828125,0.4930673346219084,0.7723523232822541,0.6327098289520813,"{'Normal': {'precision': 0.7808317586244593, 'recall': 0.9861346692438168, 'f1-score': 0.871556194709548, 'support': 50702.0}, 'Anomaly': {'precision': 0.0, 'recall': 0.0, 'f1-score': 0.0, 'support': 14034.0}, 'accuracy': 0.7723523232822541, 'macro avg': {'precision': 0.39041587931222965, 'recall': 0.4930673346219084, 'f1-score': 0.435778097354774, 'support': 64736.0}, 'weighted avg': {'precision': 0.6115566582083746, 'recall': 0.7723523232822541, 'f1-score': 0.6826131083811713, 'support': 64736.0}}"
0.99,97379.9140625,0.49445781231509606,0.7745304003954523,0.6344941063552741,"{'Normal': {'precision': 0.781313304453517, 'recall': 0.9889156246301921, 'f1-score': 0.8729412584003621, 'support': 50702.0}, 'Anomaly': {'precision': 0.0, 'recall': 0.0, 'f1-score': 0.0, 'support': 14034.0}, 'accuracy': 0.7745304003954523, 'macro avg': {'precision': 0.3906566522267585, 'recall': 0.49445781231509606, 'f1-score': 0.43647062920018104, 'support': 64736.0}, 'weighted avg': {'precision': 0.6119338105907411, 'recall': 0.7745304003954523, 'f1-score': 0.6836979066271496, 'support': 64736.0}}"
0.991,97379.9140625,0.49445781231509606,0.7745304003954523,0.6344941063552741,"{'Normal': {'precision': 0.781313304453517, 'recall': 0.9889156246301921, 'f1-score': 0.8729412584003621, 'support': 50702.0}, 'Anomaly': {'precision': 0.0, 'recall': 0.0, 'f1-score': 0.0, 'support': 14034.0}, 'accuracy': 0.7745304003954523, 'macro avg': {'precision': 0.3906566522267585, 'recall': 0.49445781231509606, 'f1-score': 0.43647062920018104, 'support': 64736.0}, 'weighted avg': {'precision': 0.6119338105907411, 'recall': 0.7745304003954523, 'f1-score': 0.6836979066271496, 'support': 64736.0}}"
0.992,97380.109375,0.4949311664234152,0.7752718734552645,0.6351015199393398,"{'Normal': {'precision': 0.7814767525147146, 'recall': 0.9898623328468305, 'f1-score': 0.873411994013435, 'support': 50702.0}, 'Anomaly': {'precision': 0.0, 'recall': 0.0, 'f1-score': 0.0, 'support': 14034.0}, 'accuracy': 0.7752718734552645, 'macro avg': {'precision': 0.3907383762573573, 'recall': 0.4949311664234152, 'f1-score': 0.4367059970067175, 'support': 64736.0}, 'weighted avg': {'precision': 0.6120618250432689, 'recall': 0.7752718734552645, 'f1-score': 0.6840665923206435, 'support': 64736.0}}"
0.993,97380.21875,0.49570036684943397,0.7764767671774592,0.6360885670134466,"{'Normal': {'precision': 0.781741835147745, 'recall': 0.9914007336988679, 'f1-score': 0.8741761012851951, 'support': 50702.0}, 'Anomaly': {'precision': 0.0, 'recall': 0.0, 'f1-score': 0.0, 'support': 14034.0}, 'accuracy': 0.7764767671774592, 'macro avg': {'precision': 0.3908709175738725, 'recall': 0.49570036684943397, 'f1-score': 0.43708805064259754, 'support': 64736.0}, 'weighted avg': {'precision': 0.612269440893181, 'recall': 0.7764767671774592, 'f1-score': 0.6846650501631544, 'support': 64736.0}}"
0.994,97380.25,0.496232890221293,0.7773109243697479,0.6367719072955205,"{'Normal': {'precision': 0.7819249774683781, 'recall': 0.992465780442586, 'f1-score': 0.8747044917257684, 'support': 50702.0}, 'Anomaly': {'precision': 0.0, 'recall': 0.0, 'f1-score': 0.0, 'support': 14034.0}, 'accuracy': 0.7773109243697479, 'macro avg': {'precision': 0.39096248873418904, 'recall': 0.496232890221293, 'f1-score': 0.4373522458628842, 'support': 64736.0}, 'weighted avg': {'precision': 0.6124128801223694, 'recall': 0.7773109243697479, 'f1-score': 0.6850788917986886, 'support': 64736.0}}"
0.995,97380.265625,0.49706125991085165,0.7786085022244191,0.6378348810676354,"{'Normal': {'precision': 0.7822092554082994, 'recall': 0.9941225198217033, 'f1-score': 0.8755254472815702, 'support': 50702.0}, 'Anomaly': {'precision': 0.0, 'recall': 0.0, 'f1-score': 0.0, 'support': 14034.0}, 'accuracy': 0.7786085022244191, 'macro avg': {'precision': 0.3911046277041497, 'recall': 0.49706125991085165, 'f1-score': 0.4377627236407851, 'support': 64736.0}, 'weighted avg': {'precision': 0.6126355299634145, 'recall': 0.7786085022244191, 'f1-score': 0.6857218738888745, 'support': 64736.0}}"
0.996,97380.3203125,0.4974557216677843,0.7792263964409293,0.6383410590543568,"{'Normal': {'precision': 0.7823443655200223, 'recall': 0.9949114433355686, 'f1-score': 0.8759159576315333, 'support': 50702.0}, 'Anomaly': {'precision': 0.0, 'recall': 0.0, 'f1-score': 0.0, 'support': 14034.0}, 'accuracy': 0.7792263964409293, 'macro avg': {'precision': 0.39117218276001114, 'recall': 0.4974557216677843, 'f1-score': 0.43795797881576665, 'support': 64736.0}, 'weighted avg': {'precision': 0.6127413497991252, 'recall': 0.7792263964409293, 'f1-score': 0.6860277262085085, 'support': 64736.0}}"
0.997,175516.243554541,0.4980769989349533,0.7801995798319328,0.639138289383443,"{'Normal': {'precision': 0.7825568243442153, 'recall': 0.9961539978699065, 'f1-score': 0.8765304617200177, 'support': 50702.0}, 'Anomaly': {'precision': 0.0, 'recall': 0.0, 'f1-score': 0.0, 'support': 14034.0}, 'accuracy': 0.7801995798319328, 'macro avg': {'precision': 0.3912784121721076, 'recall': 0.4980769989349533, 'f1-score': 0.43826523086000885, 'support': 64736.0}, 'weighted avg': {'precision': 0.6129077500602509, 'recall': 0.7801995798319328, 'f1-score': 0.6865090130704451, 'support': 64736.0}}"
0.998,192819.390625,0.49872786083389214,0.7812191052891745,0.6399734830615333,"{'Normal': {'precision': 0.7827789558406983, 'recall': 0.9974557216677843, 'f1-score': 0.8771735077053829, 'support': 50702.0}, 'Anomaly': {'precision': 0.0, 'recall': 0.0, 'f1-score': 0.0, 'support': 14034.0}, 'accuracy': 0.7812191052891745, 'macro avg': {'precision': 0.39138947792034917, 'recall': 0.49872786083389214, 'f1-score': 0.43858675385269147, 'support': 64736.0}, 'weighted avg': {'precision': 0.6130817260725885, 'recall': 0.7812191052891745, 'f1-score': 0.6870126542832169, 'support': 64736.0}}"
0.999,192820.1875,0.49939844582067766,0.7822695254572417,0.6408339856389597,"{'Normal': {'precision': 0.7830073444143796, 'recall': 0.9987968916413553, 'f1-score': 0.8778352704611838, 'support': 50702.0}, 'Anomaly': {'precision': 0.0, 'recall': 0.0, 'f1-score': 0.0, 'support': 14034.0}, 'accuracy': 0.7822695254572417, 'macro avg': {'precision': 0.3915036722071898, 'recall': 0.49939844582067766, 'f1-score': 0.4389176352305919, 'support': 64736.0}, 'weighted avg': {'precision': 0.6132606027017097, 'recall': 0.7822695254572417, 'f1-score': 0.6875309546917163, 'support': 64736.0}}"
